symbol,alert_time,entry_price,RSI,ADX,BB_upper
AEGISVOPAK-EQ,2025-11-11 09:30:00,259.55,64.84,65.11,263.34
BERGEPAINT-EQ,2025-11-11 10:15:00,549.85,61.07,48.46,550.65
TRITURBINE-EQ,2025-11-11 10:30:00,549.6,75.55,65.79,550.68
KPRMILL-EQ,2025-11-12 09:30:00,1071.0,60.64,42.12,1077.55
AEGISLOG-EQ,2025-11-12 10:00:00,800.0,65.76,43.03,804.18
NATCOPHARM-EQ,2025-11-12 10:00:00,809.75,66.33,37.26,808.77
HDBFS-EQ,2025-11-12 10:00:00,736.5,64.53,29.08,737.11
FACT-EQ,2025-11-12 10:00:00,892.9,63.94,31.29,891.56
ONGC-EQ,2025-11-12 10:00:00,253.6,68.35,34.11,253.47
OIL-EQ,2025-11-12 10:00:00,443.5,70.01,38.53,443.57
MPHASIS-EQ,2025-11-12 10:00:00,2834.1,68.85,43.33,2826.67
ITI-EQ,2025-11-12 10:00:00,322.05,62.92,43.64,322.99
BELRISE-EQ,2025-11-12 10:00:00,154.8,65.82,32.41,155.9
KFINTECH-EQ,2025-11-12 10:15:00,1113.6,69.74,35.15,1114.62
IREDA-EQ,2025-11-12 10:30:00,151.88,70.02,44.29,152.56
DATAPATTNS-EQ,2025-11-13 10:00:00,2942.1,67.13,40.42,2966.39
NMDC-EQ,2025-11-13 10:00:00,77.95,67.06,38.67,78.01
JIOFIN-EQ,2025-11-13 10:00:00,310.9,65.25,57.96,311.26
JSWCEMENT-EQ,2025-11-13 10:00:00,124.36,62.58,24.95,124.53
RHIM-EQ,2025-11-13 10:15:00,492.05,67.24,39.11,493.31
REDINGTON-EQ,2025-11-13 10:30:00,301.15,61.41,37.47,301.85
BDL-EQ,2025-11-14 10:00:00,1593.5,69.81,42.12,1597.61
HBLENGINE-EQ,2025-11-14 10:30:00,1012.0,65.56,29.31,1014.56
GRSE-EQ,2025-11-17 10:00:00,2922.2,63.58,41.0,2933.67
RAILTEL-EQ,2025-11-17 10:00:00,365.2,66.78,36.37,365.96
APTUS-EQ,2025-11-17 10:00:00,291.75,61.65,23.47,292.3
TARIL-EQ,2025-11-17 10:15:00,336.9,81.88,66.35,336.51
ANANTRAJ-EQ,2025-11-17 10:15:00,634.75,69.48,27.37,634.65
BHARTIARTL-EQ,2025-11-17 10:15:00,2109.1,62.07,29.59,2113.79
GROWW-EQ,2025-11-18 09:45:00,184.6,79.96,58.36,183.25
LAURUSLABS-EQ,2025-11-18 10:00:00,1028.0,68.39,44.38,1029.52
BIKAJI-EQ,2025-11-18 10:00:00,722.6,68.98,30.03,721.55
ENRIN-EQ,2025-11-18 10:00:00,3322.7,64.6,37.66,3326.74
PNBHOUSING-EQ,2025-11-18 10:15:00,927.4,60.97,23.96,931.23
FEDERALBNK-EQ,2025-11-18 10:15:00,242.09,74.73,45.02,242.0
VMM-EQ,2025-11-19 10:00:00,137.2,62.31,31.04,137.26
VTL-EQ,2025-11-19 11:00:00,462.85,63.04,32.57,463.72
IEX-EQ,2025-11-20 10:30:00,139.95,73.75,37.88,140.24
RITES-EQ,2025-11-21 10:00:00,255.1,69.18,29.91,254.17
ANURAS-EQ,2025-11-21 10:00:00,1219.5,80.63,58.51,1214.46
TRAVELFOOD-EQ,2025-11-24 09:30:00,1343.2,69.57,42.51,1345.43
ACE-EQ,2025-11-24 10:00:00,976.0,67.24,24.88,974.45
SHYAMMETL-EQ,2025-11-24 10:00:00,843.7,67.02,30.86,842.63
APTUS-EQ,2025-11-25 09:30:00,283.7,65.52,41.9,283.8
GRAPHITE-EQ,2025-11-25 10:00:00,562.0,63.58,33.41,561.65
MUTHOOTFIN-EQ,2025-11-25 10:00:00,3666.0,60.05,28.37,3660.56
SAMMAANCAP-EQ,2025-11-26 10:00:00,156.14,60.2,35.36,156.31
MANAPPURAM-EQ,2025-11-26 10:00:00,282.15,65.91,35.57,282.14
JINDALSAW-EQ,2025-11-26 10:00:00,166.1,65.16,26.74,166.34
JINDALSTEL-EQ,2025-11-26 10:00:00,1037.2,63.11,35.04,1037.17
LLOYDSME-EQ,2025-11-26 10:15:00,1233.5,70.91,29.55,1232.45
JMFINANCIL-EQ,2025-11-26 10:15:00,143.24,64.23,28.53,143.8
BHEL-EQ,2025-11-26 10:15:00,285.35,67.19,22.96,285.27
PCBL-EQ,2025-11-26 10:15:00,331.25,66.2,26.06,331.0
VEDL-EQ,2025-11-27 09:45:00,519.2,69.46,42.98,518.69
NATIONALUM-EQ,2025-11-27 10:00:00,261.78,65.6,27.76,261.77
IRCON-EQ,2025-11-27 10:00:00,163.99,64.52,39.29,163.85
ESCORTS-EQ,2025-11-27 10:00:00,3711.8,67.21,28.36,3710.93
BAYERCROP-EQ,2025-11-27 10:00:00,4633.3,62.47,48.01,4639.63
TATAPOWER-EQ,2025-11-27 10:15:00,394.7,66.02,58.78,396.68
KEI-EQ,2025-11-28 10:15:00,4175.1,65.31,23.42,4174.91
HAL-EQ,2025-12-01 09:45:00,4548.0,67.46,38.83,4547.38
ANANDRATHI-EQ,2025-12-01 10:00:00,2924.5,69.36,22.76,2920.02
IRCTC-EQ,2025-12-01 10:00:00,689.8,60.1,28.78,690.32
TEJASNET-EQ,2025-12-01 10:00:00,511.65,66.37,22.92,510.5
ANGELONE-EQ,2025-12-01 10:00:00,2752.4,63.74,32.98,2748.5
NAVA-EQ,2025-12-01 10:00:00,528.6,60.71,30.68,530.62
BDL-EQ,2025-12-01 10:00:00,1526.0,63.93,28.08,1527.13
UNOMINDA-EQ,2025-12-01 10:15:00,1328.0,66.85,30.88,1330.21
KARURVYSYA-EQ,2025-12-01 10:15:00,252.94,64.04,28.01,253.25
BALKRISIND-EQ,2025-12-02 10:00:00,2355.6,73.79,34.89,2348.88
NAUKRI-EQ,2025-12-02 10:00:00,1384.6,73.01,57.88,1381.92
ASHOKLEY-EQ,2025-12-02 10:00:00,162.64,65.7,24.24,162.45
ASIANPAINT-EQ,2025-12-02 10:00:00,2894.0,64.91,24.9,2890.43
UNIONBANK-EQ,2025-12-02 10:00:00,157.8,67.23,24.23,157.84
IOC-EQ,2025-12-02 10:00:00,163.95,60.17,27.56,164.13
FEDERALBNK-EQ,2025-12-02 10:15:00,260.25,63.63,27.8,260.37
BSOFT-EQ,2025-12-02 10:30:00,395.8,72.13,42.4,395.22
PINELABS-EQ,2025-12-03 09:30:00,249.54,67.3,41.52,248.71
BIOCON-EQ,2025-12-03 10:00:00,404.05,66.61,22.67,403.63
INDUSTOWER-EQ,2025-12-03 10:00:00,406.3,63.09,32.95,406.89
TATACOMM-EQ,2025-12-03 10:00:00,1863.0,65.22,52.16,1866.71
DOMS-EQ,2025-12-03 10:15:00,2624.5,77.49,45.9,2625.14
SCI-EQ,2025-12-04 10:00:00,230.05,64.18,28.05,230.47
NATIONALUM-EQ,2025-12-04 10:00:00,268.2,60.1,22.63,268.96
HINDCOPPER-EQ,2025-12-04 10:15:00,346.85,70.0,29.92,346.63
VIJAYA-EQ,2025-12-04 14:45:00,1084.8,73.36,59.71,1094.02
AIIL-EQ,2025-12-05 10:30:00,2650.1,70.26,30.81,2648.76
CHOLAFIN-EQ,2025-12-08 10:00:00,1740.7,67.83,50.8,1747.23
LEMONTREE-EQ,2025-12-08 10:00:00,166.56,70.78,32.12,166.54
CANFINHOME-EQ,2025-12-08 10:00:00,921.95,70.03,25.21,919.95
SWANCORP-EQ,2025-12-10 09:30:00,452.4,60.09,28.03,454.91
MGL-EQ,2025-12-10 10:00:00,1132.0,61.85,45.56,1130.74
ANANTRAJ-EQ,2025-12-10 10:00:00,517.85,63.38,24.11,518.57
PFC-EQ,2025-12-10 10:00:00,346.95,62.28,28.02,346.86
NHPC-EQ,2025-12-10 10:00:00,78.2,67.79,23.55,78.0
JMFINANCIL-EQ,2025-12-10 10:00:00,143.25,68.61,23.75,142.97
MANAPPURAM-EQ,2025-12-10 10:15:00,281.8,66.85,30.35,282.57
THELEELA-EQ,2025-12-10 10:15:00,398.9,62.27,34.62,399.85
GAIL-EQ,2025-12-12 09:45:00,170.94,63.91,25.36,170.76
TARIL-EQ,2025-12-12 10:00:00,258.75,71.56,35.42,256.84
IDBI-EQ,2025-12-12 10:00:00,97.25,69.71,25.94,97.19
LT-EQ,2025-12-12 10:00:00,4077.0,69.86,22.17,4075.23
JIOFIN-EQ,2025-12-12 10:00:00,301.25,73.64,44.88,300.91
ASHOKLEY-EQ,2025-12-12 10:15:00,163.45,69.61,37.26,163.61
KARURVYSYA-EQ,2025-12-12 10:15:00,243.95,63.19,26.59,244.24
AIAENG-EQ,2025-12-12 10:45:00,3733.2,65.09,33.39,3741.39
AARTIIND-EQ,2025-12-15 10:00:00,372.75,73.49,33.92,371.49
TATACAP-EQ,2025-12-16 10:00:00,326.9,68.55,33.37,326.39
ENRIN-EQ,2025-12-16 10:00:00,2987.0,61.32,23.31,2997.02
ACUTAAS-EQ,2025-12-16 10:15:00,1664.0,61.06,41.36,1672.61
GODREJCP-EQ,2025-12-16 10:15:00,1188.1,73.24,41.77,1189.35
BBTC-EQ,2025-12-16 10:30:00,1908.0,61.9,26.07,1911.03
KIRLOSENG-EQ,2025-12-16 13:00:00,1211.8,72.24,43.65,1217.69
CGPOWER-EQ,2025-12-17 10:00:00,682.35,67.89,29.2,684.03
ABREL-EQ,2025-12-17 10:15:00,1743.0,64.6,37.25,1743.43
MINDACORP-EQ,2025-12-17 10:15:00,607.5,61.23,27.7,609.98
UTIAMC-EQ,2025-12-18 10:00:00,1141.9,62.25,26.7,1143.32
GROWW-EQ,2025-12-18 10:00:00,144.76,60.6,34.69,144.71
AUROPHARMA-EQ,2025-12-19 10:00:00,1227.2,65.52,28.5,1230.11
ZYDUSLIFE-EQ,2025-12-19 10:00:00,922.0,64.0,25.41,922.21
GMRAIRPORT-EQ,2025-12-19 10:00:00,101.52,64.05,31.24,101.39
LODHA-EQ,2025-12-19 10:00:00,1083.0,62.59,25.08,1085.22
BLS-EQ,2025-12-19 10:15:00,334.5,82.91,41.26,334.13
RRKABEL-EQ,2025-12-19 10:15:00,1464.8,72.33,37.41,1463.76
CEATLTD-EQ,2025-12-19 10:15:00,3794.0,70.24,38.24,3802.68
PIDILITIND-EQ,2025-12-22 09:30:00,1456.9,65.14,28.64,1456.93
TATAINVEST-EQ,2025-12-22 10:00:00,718.5,68.52,35.0,717.25
KEC-EQ,2025-12-22 10:15:00,746.1,74.61,38.6,745.1
HINDCOPPER-EQ,2025-12-22 10:15:00,396.8,74.84,41.95,397.56
IDBI-EQ,2025-12-22 10:30:00,100.85,68.39,35.17,101.05
SBFC-EQ,2025-12-23 10:00:00,105.51,66.2,33.57,105.55
TECHNOE-EQ,2025-12-23 10:30:00,1115.7,64.51,34.97,1124.82
SARDAEN-EQ,2025-12-23 10:45:00,522.6,61.93,26.9,524.89
COALINDIA-EQ,2025-12-24 10:00:00,407.8,74.58,57.81,407.22
OLECTRA-EQ,2025-12-24 10:00:00,1222.0,63.87,27.17,1225.39
ANANTRAJ-EQ,2025-12-24 10:00:00,566.5,65.88,34.75,565.7
GMDCLTD-EQ,2025-12-24 10:30:00,547.7,65.77,27.8,547.04
HSCL-EQ,2025-12-26 10:00:00,487.5,66.49,28.84,487.69
CANFINHOME-EQ,2025-12-26 10:00:00,957.4,66.98,42.07,957.69
ITI-EQ,2025-12-26 10:45:00,318.0,62.61,42.51,318.51
HBLENGINE-EQ,2025-12-29 10:00:00,923.8,63.98,28.25,926.02
NBCC-EQ,2025-12-29 10:00:00,124.09,75.91,57.98,123.74
HUDCO-EQ,2025-12-29 10:15:00,224.05,66.69,47.21,224.14
VBL-EQ,2025-12-29 10:15:00,489.65,67.67,30.45,490.01
JYOTICNC-EQ,2025-12-29 10:15:00,1010.1,70.58,32.39,1010.86
EMAMILTD-EQ,2025-12-30 09:15:00,524.85,60.67,46.92,531.14
HUDCO-EQ,2025-12-30 09:30:00,225.94,62.86,44.95,226.42
TMPV-EQ,2025-12-30 11:00:00,361.7,60.72,33.23,362.74
RADICO-EQ,2025-12-31 09:30:00,3337.3,64.8,36.35,3362.15
AWL-EQ,2025-12-31 09:30:00,239.5,61.77,23.43,239.75
HUDCO-EQ,2025-12-31 10:00:00,226.71,63.56,27.89,226.64
RITES-EQ,2025-12-31 10:00:00,248.7,64.87,24.15,248.29
ZYDUSWELL-EQ,2025-12-31 10:15:00,460.1,77.89,35.96,456.74
COLPAL-EQ,2026-01-01 10:00:00,2089.5,70.87,39.92,2087.2
ZEEL-EQ,2026-01-01 10:00:00,91.35,68.88,23.77,91.18
ESCORTS-EQ,2026-01-01 10:15:00,3781.5,64.17,27.42,3796.37
ADANIPOWER-EQ,2026-01-01 10:30:00,150.15,72.92,34.29,149.28
ADANIENSOL-EQ,2026-01-01 10:30:00,1049.0,77.88,45.88,1047.53
ATGL-EQ,2026-01-01 10:30:00,606.5,78.73,43.07,603.68
GRASIM-EQ,2026-01-02 10:00:00,2869.4,70.1,30.49,2868.33
NMDC-EQ,2026-01-02 10:00:00,84.3,73.25,26.92,84.19
CARTRADE-EQ,2026-01-02 10:45:00,2889.6,61.36,36.55,2906.38
CANBK-EQ,2026-01-05 09:45:00,155.51,62.78,22.9,155.43
NYKAA-EQ,2026-01-05 10:00:00,268.85,64.45,29.03,268.34
EMCURE-EQ,2026-01-05 10:00:00,1466.9,71.6,29.15,1465.75
AUBANK-EQ,2026-01-05 10:00:00,1015.5,64.14,33.22,1015.93
AIAENG-EQ,2026-01-05 10:00:00,4124.7,67.13,37.78,4123.5
HINDCOPPER-EQ,2026-01-05 10:00:00,561.55,74.63,50.66,559.67
EXIDEIND-EQ,2026-01-05 10:15:00,371.3,70.2,46.81,371.6
SAILIFE-EQ,2026-01-05 10:30:00,950.7,71.74,47.16,954.51
UNOMINDA-EQ,2026-01-05 11:30:00,1338.1,67.23,40.58,1346.28
POLYMED-EQ,2026-01-06 10:15:00,1810.0,72.46,43.35,1811.84
SUNPHARMA-EQ,2026-01-07 10:45:00,1781.4,65.16,37.04,1787.94
GLAND-EQ,2026-01-08 10:00:00,1731.2,71.38,29.2,1730.54
MCX-EQ,2026-01-13 10:00:00,2280.0,65.49,23.34,2278.43
ITI-EQ,2026-01-13 10:00:00,309.6,69.7,34.04,308.2
BSE-EQ,2026-01-13 10:00:00,2839.9,72.7,39.47,2835.62
HOMEFIRST-EQ,2026-01-13 10:00:00,1089.0,77.82,55.24,1085.83
ANGELONE-EQ,2026-01-13 10:00:00,2418.3,66.72,25.12,2412.25
CARTRADE-EQ,2026-01-13 10:15:00,2752.5,66.55,31.39,2759.69
ABSLAMC-EQ,2026-01-14 09:30:00,821.85,71.58,54.74,820.85
COALINDIA-EQ,2026-01-14 10:15:00,437.5,63.1,30.85,438.85
NETWEB-EQ,2026-01-19 09:45:00,3579.5,70.1,27.06,3566.61
CREDITACC-EQ,2026-01-21 10:15:00,1344.8,71.34,52.23,1348.31
BEML-EQ,2026-01-22 10:00:00,1710.2,60.01,39.29,1710.11
CANHLIFE-EQ,2026-01-22 10:00:00,144.87,64.78,31.73,144.79
SAIL-EQ,2026-01-22 10:00:00,151.14,65.15,26.71,150.63
JSL-EQ,2026-01-22 10:00:00,771.75,64.82,46.46,769.57
SCI-EQ,2026-01-22 10:00:00,208.26,63.35,24.57,207.99
J&KBANK-EQ,2026-01-22 10:00:00,106.86,66.76,33.64,106.84
ATGL-EQ,2026-01-22 10:00:00,539.4,60.32,35.76,539.77
TATASTEEL-EQ,2026-01-22 10:00:00,187.68,64.09,22.78,187.49
BANKINDIA-EQ,2026-01-22 10:00:00,166.04,68.81,25.58,164.94
ADANIGREEN-EQ,2026-01-22 10:00:00,908.1,66.25,26.59,905.66
NCC-EQ,2026-01-22 10:00:00,147.8,66.6,26.34,147.34
IRFC-EQ,2026-01-22 10:00:00,118.04,65.12,32.25,117.72
KPRMILL-EQ,2026-01-22 10:15:00,876.6,60.43,43.68,897.83
WAAREEENER-EQ,2026-01-22 10:15:00,2652.2,71.57,47.43,2647.61
HOMEFIRST-EQ,2026-01-23 10:00:00,1101.0,70.55,39.25,1095.04
SYRMA-EQ,2026-01-23 10:30:00,673.4,62.15,25.23,679.1
DCMSHRIRAM-EQ,2026-01-23 11:00:00,1133.8,61.83,28.73,1145.7
PVRINOX-EQ,2026-01-28 09:30:00,944.9,60.79,39.26,948.41
IRCON-EQ,2026-01-28 10:00:00,157.86,67.32,30.84,157.5
VEDL-EQ,2026-01-28 10:00:00,721.5,72.81,43.68,719.28
NIACL-EQ,2026-01-28 10:00:00,145.17,62.25,25.91,145.09
OIL-EQ,2026-01-28 10:15:00,481.15,78.48,36.21,480.17
MAZDOCK-EQ,2026-01-28 10:15:00,2394.2,70.55,28.03,2398.44
GRSE-EQ,2026-01-29 09:45:00,2593.1,76.0,63.56,2581.79
CHOICEIN-EQ,2026-01-29 10:00:00,786.65,69.28,34.11,783.11
PETRONET-EQ,2026-01-29 10:00:00,294.5,67.34,51.95,295.27
NMDC-EQ,2026-01-29 10:15:00,83.19,72.71,64.94,83.23
AUROPHARMA-EQ,2026-01-30 10:00:00,1200.1,84.87,46.0,1192.99
TECHNOE-EQ,2026-01-30 10:45:00,970.8,64.66,32.58,974.71
SIGNATURE-EQ,2026-01-30 11:30:00,919.4,75.89,49.46,916.16
DOMS-EQ,2026-02-01 09:45:00,2393.7,64.65,40.56,2393.09
HBLENGINE-EQ,2026-02-01 10:00:00,803.9,65.14,33.01,803.91
JWL-EQ,2026-02-01 10:15:00,334.45,68.74,22.2,333.99
ANTHEM-EQ,2026-02-01 11:45:00,614.6,65.68,26.57,616.56
JSL-EQ,2026-02-03 09:30:00,802.2,65.48,28.46,799.77
BATAINDIA-EQ,2026-02-03 09:45:00,876.85,63.62,31.91,874.25
EXIDEIND-EQ,2026-02-03 09:45:00,326.5,73.84,37.37,325.03
ASHOKLEY-EQ,2026-02-03 09:45:00,198.06,73.7,34.2,197.13
JSWCEMENT-EQ,2026-02-03 09:45:00,115.24,68.84,28.78,114.99
SWANCORP-EQ,2026-02-03 09:45:00,420.05,63.13,29.7,419.57
IRCON-EQ,2026-02-03 09:45:00,156.41,62.61,32.33,155.96
KIRLOSENG-EQ,2026-02-03 09:45:00,1165.8,66.86,34.92,1165.82
LEMONTREE-EQ,2026-02-03 09:45:00,129.7,65.2,32.05,129.29
AFCONS-EQ,2026-02-03 09:45:00,337.0,63.97,30.74,336.3
TENNIND-EQ,2026-02-03 09:45:00,534.2,66.97,32.72,533.94
TMPV-EQ,2026-02-03 09:45:00,368.45,69.4,40.3,367.9
DCMSHRIRAM-EQ,2026-02-03 09:45:00,1173.2,64.15,35.77,1170.79
DEVYANI-EQ,2026-02-03 09:45:00,116.84,62.8,32.29,116.66
SIGNATURE-EQ,2026-02-03 09:45:00,905.8,60.66,35.95,904.01
RBLBANK-EQ,2026-02-03 09:45:00,300.4,66.06,32.56,299.63
KARURVYSYA-EQ,2026-02-03 09:45:00,298.7,60.76,25.01,299.18
SAMMAANCAP-EQ,2026-02-03 09:45:00,147.2,64.2,36.08,147.57
HBLENGINE-EQ,2026-02-03 09:45:00,777.45,60.59,26.34,777.07
PNB-EQ,2026-02-03 09:45:00,123.07,64.34,30.43,122.86
CHAMBLFERT-EQ,2026-02-03 09:45:00,431.7,62.96,32.01,432.73
CGCL-EQ,2026-02-03 09:45:00,171.96,70.78,42.09,171.08
IIFL-EQ,2026-02-03 09:45:00,503.1,61.76,23.41,500.88
BEL-EQ,2026-02-03 09:45:00,442.5,64.68,24.8,442.64
NIACL-EQ,2026-02-03 09:45:00,147.06,63.01,36.46,146.96
RVNL-EQ,2026-02-03 09:45:00,324.8,60.19,36.17,324.51
PNBHOUSING-EQ,2026-02-03 09:45:00,818.75,66.16,29.01,815.45
SBIN-EQ,2026-02-03 09:45:00,1043.8,64.99,36.22,1044.16
IDBI-EQ,2026-02-03 09:45:00,100.36,62.28,24.28,100.31
PIIND-EQ,2026-02-03 10:00:00,3209.5,69.95,32.53,3193.82
ABCAPITAL-EQ,2026-02-03 10:00:00,348.65,74.53,39.92,346.22
BAJFINANCE-EQ,2026-02-03 10:00:00,943.1,69.03,44.28,938.87
MAZDOCK-EQ,2026-02-03 10:00:00,2453.5,61.28,30.84,2460.62
SYNGENE-EQ,2026-02-03 10:00:00,477.3,71.22,36.37,475.27
JMFINANCIL-EQ,2026-02-03 10:00:00,125.56,72.68,45.25,124.65
LUPIN-EQ,2026-02-03 10:00:00,2167.1,73.35,33.66,2161.06
JSWENERGY-EQ,2026-02-03 10:00:00,455.8,66.36,33.96,455.5
WIPRO-EQ,2026-02-03 10:00:00,246.8,67.78,37.08,246.26
BHARTIARTL-EQ,2026-02-03 10:00:00,1985.7,63.01,24.46,1986.71
PGEL-EQ,2026-02-03 10:00:00,588.25,75.95,30.64,584.57
TORNTPHARM-EQ,2026-02-03 10:00:00,4026.6,70.67,31.92,4026.88
IRCTC-EQ,2026-02-03 10:00:00,615.9,65.83,36.28,615.41
AMBUJACEM-EQ,2026-02-03 10:00:00,520.85,63.59,25.1,520.35
TITAGARH-EQ,2026-02-03 10:00:00,797.1,62.36,32.5,797.22
CLEAN-EQ,2026-02-03 10:00:00,825.45,71.36,37.02,822.54
WELCORP-EQ,2026-02-03 10:00:00,795.5,81.26,40.82,788.27
TATATECH-EQ,2026-02-03 10:00:00,654.9,72.15,29.64,653.29
AXISBANK-EQ,2026-02-03 10:00:00,1353.4,63.92,55.58,1350.87
ABREL-EQ,2026-02-03 10:00:00,1248.2,61.75,40.5,1248.46
ENGINERSIN-EQ,2026-02-03 10:00:00,174.56,72.79,38.07,173.83
JSWINFRA-EQ,2026-02-03 10:00:00,262.75,64.05,35.5,263.88
MARICO-EQ,2026-02-03 10:00:00,733.15,63.15,27.75,733.94
JSWSTEEL-EQ,2026-02-03 10:00:00,1225.1,68.67,27.93,1220.89
INOXWIND-EQ,2026-02-03 10:00:00,106.92,70.47,32.96,106.45
JINDALSTEL-EQ,2026-02-03 10:00:00,1148.3,73.44,29.36,1146.65
THERMAX-EQ,2026-02-03 10:00:00,2953.0,63.77,35.24,2948.69
ETERNAL-EQ,2026-02-03 10:00:00,283.4,69.66,23.02,281.82
SOBHA-EQ,2026-02-03 10:00:00,1484.9,72.1,33.15,1479.36
TATAPOWER-EQ,2026-02-03 10:00:00,366.05,71.67,33.34,364.62
GLAXO-EQ,2026-02-03 10:00:00,2448.0,65.48,25.8,2446.22
LODHA-EQ,2026-02-03 10:15:00,1010.0,76.7,30.9,1003.76
CDSL-EQ,2026-02-03 10:15:00,1326.3,76.81,43.17,1315.16
WELSPUNLIV-EQ,2026-02-03 10:15:00,143.59,84.75,40.02,141.62
SYRMA-EQ,2026-02-03 10:15:00,819.75,73.12,32.51,814.42
UNOMINDA-EQ,2026-02-03 10:15:00,1223.8,78.52,33.8,1222.08
KEI-EQ,2026-02-03 10:15:00,4345.8,70.15,33.29,4397.62
FLUOROCHEM-EQ,2026-02-03 10:15:00,3286.5,82.07,41.19,3264.29
ADANIENSOL-EQ,2026-02-03 10:15:00,944.4,83.43,39.05,935.83
FORTIS-EQ,2026-02-03 10:15:00,855.9,66.93,30.39,860.52
NYKAA-EQ,2026-02-03 10:15:00,244.58,68.71,29.09,244.03
ADANIPORTS-EQ,2026-02-03 10:15:00,1502.3,80.83,34.03,1490.13
PPLPHARMA-EQ,2026-02-03 10:15:00,161.8,81.62,33.81,161.07
CGPOWER-EQ,2026-02-03 10:15:00,653.0,78.45,33.79,651.45
NAM-INDIA-EQ,2026-02-03 10:15:00,926.0,73.01,33.68,928.27
APLAPOLLO-EQ,2026-02-03 10:15:00,2113.4,74.88,32.95,2114.15
SUNPHARMA-EQ,2026-02-03 10:15:00,1683.0,79.58,30.72,1679.66
GVT&D-EQ,2026-02-03 10:15:00,3417.0,77.25,37.15,3419.32
HOMEFIRST-EQ,2026-02-03 10:15:00,1178.0,72.93,29.84,1171.42
AARTIIND-EQ,2026-02-03 10:15:00,415.4,79.76,34.56,412.9
IKS-EQ,2026-02-03 10:15:00,1674.9,73.52,29.89,1673.42
LAURUSLABS-EQ,2026-02-03 10:15:00,981.5,73.13,31.93,983.42
IGIL-EQ,2026-02-03 10:15:00,330.85,80.83,32.04,329.33
BALKRISIND-EQ,2026-02-03 10:15:00,2424.9,73.36,35.81,2431.61
MOTHERSON-EQ,2026-02-03 10:15:00,119.46,76.31,37.18,119.52
CUB-EQ,2026-02-03 10:30:00,298.9,65.48,42.56,302.92
TARIL-EQ,2026-02-03 10:30:00,245.4,68.73,41.2,246.49
APOLLOTYRE-EQ,2026-02-04 10:00:00,513.3,73.29,58.43,512.98
GVT&D-EQ,2026-02-04 10:00:00,3588.7,60.61,50.36,3645.66
JAINREC-EQ,2026-02-04 10:15:00,411.7,67.61,47.66,412.03
RECLTD-EQ,2026-02-04 10:30:00,376.9,65.37,47.73,377.47
NCC-EQ,2026-02-04 10:30:00,155.82,66.83,55.13,156.8
SAPPHIRE-EQ,2026-02-04 12:45:00,195.14,64.65,36.68,195.39
CPPLUS-EQ,2026-02-05 09:30:00,1538.0,63.11,27.39,1552.68
BPCL-EQ,2026-02-05 09:45:00,383.75,63.45,42.08,383.89
CCL-EQ,2026-02-05 09:45:00,1022.95,64.33,38.94,1025.78
CHENNPETRO-EQ,2026-02-05 10:00:00,898.85,70.08,52.39,897.42
DEVYANI-EQ,2026-02-05 10:00:00,130.19,68.33,43.72,131.09
M&MFIN-EQ,2026-02-05 10:15:00,375.5,61.96,25.53,378.8
FINCABLES-EQ,2026-02-06 10:00:00,752.5,64.38,38.77,752.29
MGL-EQ,2026-02-06 10:00:00,1085.5,62.05,29.03,1087.07
IRFC-EQ,2026-02-09 09:45:00,115.0,65.56,28.04,114.8
WAAREEENER-EQ,2026-02-09 09:45:00,3103.0,61.8,23.4,3102.15
CHOLAFIN-EQ,2026-02-09 10:00:00,1755.0,70.38,24.22,1754.81
ADANIGREEN-EQ,2026-02-09 10:00:00,980.4,67.52,26.72,979.24
PNB-EQ,2026-02-09 10:00:00,124.16,61.66,24.41,124.16
PRESTIGE-EQ,2026-02-09 10:00:00,1590.0,74.5,46.68,1583.78
CANBK-EQ,2026-02-09 10:00:00,149.09,63.47,23.18,149.12
SYRMA-EQ,2026-02-09 10:00:00,880.5,61.29,27.7,882.5
HINDCOPPER-EQ,2026-02-09 10:15:00,600.5,62.13,22.87,600.65
GRSE-EQ,2026-02-10 10:00:00,2545.8,67.23,52.83,2562.21
COCHINSHIP-EQ,2026-02-10 10:00:00,1550.4,66.33,56.33,1551.98
REDINGTON-EQ,2026-02-10 10:00:00,275.6,68.33,28.46,275.18
ACMESOLAR-EQ,2026-02-10 10:00:00,230.91,69.74,52.43,230.62
NBCC-EQ,2026-02-10 10:00:00,102.2,63.5,49.6,102.45
JBMA-EQ,2026-02-10 10:00:00,604.75,65.85,40.35,605.03
ITI-EQ,2026-02-10 10:00:00,297.8,65.6,47.9,297.98
TEJASNET-EQ,2026-02-10 10:00:00,357.65,63.22,63.37,360.21
IRFC-EQ,2026-02-10 10:00:00,115.7,62.45,43.6,115.78
CDSL-EQ,2026-02-10 10:15:00,1399.7,71.59,56.69,1402.71
SUPREMEIND-EQ,2026-02-10 10:15:00,3751.4,60.36,37.77,3780.75
KPITTECH-EQ,2026-02-10 10:15:00,978.3,66.76,28.7,976.97
BBTC-EQ,2026-02-11 10:15:00,1853.0,79.04,45.76,1852.4
TATAPOWER-EQ,2026-02-12 09:30:00,374.7,69.08,29.49,374.99
ELGIEQUIP-EQ,2026-02-12 10:00:00,508.8,63.36,30.18,509.31
ENRIN-EQ,2026-02-12 10:00:00,2710.1,66.84,30.75,2705.71
ENGINERSIN-EQ,2026-02-13 10:00:00,201.07,79.77,35.66,199.32
KIRLOSENG-EQ,2026-02-17 10:00:00,1434.1,61.06,24.75,1449.47
FINCABLES-EQ,2026-02-18 09:45:00,823.05,66.9,25.1,823.03
MARICO-EQ,2026-02-18 10:00:00,780.9,70.11,50.67,780.61
RECLTD-EQ,2026-02-18 10:00:00,361.15,69.73,54.62,361.18
MEESHO-EQ,2026-02-18 10:00:00,156.81,67.99,24.35,156.42
SAIL-EQ,2026-02-18 10:00:00,159.41,63.49,23.9,159.41
TATAINVEST-EQ,2026-02-18 10:00:00,647.0,61.29,31.27,650.75
JMFINANCIL-EQ,2026-02-18 10:00:00,141.75,68.54,31.72,141.24
TATASTEEL-EQ,2026-02-18 10:00:00,206.0,63.34,25.28,205.82
NETWEB-EQ,2026-02-18 10:00:00,3152.0,67.71,36.63,3149.89
UPL-EQ,2026-02-18 10:15:00,749.65,69.06,35.45,751.17
ITC-EQ,2026-02-18 10:30:00,328.4,65.85,42.34,329.58
EMMVEE-EQ,2026-02-18 10:45:00,219.87,60.0,44.09,223.36
SCHAEFFLER-EQ,2026-02-19 09:30:00,3871.0,68.79,43.57,3881.72
M&M-EQ,2026-02-19 09:30:00,3525.8,67.69,35.18,3523.99
MCX-EQ,2026-02-19 10:00:00,2410.9,82.56,48.23,2403.57
LICHSGFIN-EQ,2026-02-19 10:00:00,528.85,68.85,34.08,529.54
HUDCO-EQ,2026-02-19 10:00:00,197.7,61.08,23.75,197.59
ONGC-EQ,2026-02-19 10:00:00,269.25,65.92,40.43,269.34
BALKRISIND-EQ,2026-02-19 10:15:00,2591.4,68.13,41.03,2596.47
IIFL-EQ,2026-02-23 10:00:00,513.05,64.87,29.37,514.5
HINDZINC-EQ,2026-02-23 10:00:00,598.2,66.29,25.69,597.62
VEDL-EQ,2026-02-23 10:00:00,689.95,67.95,24.64,689.32
COHANCE-EQ,2026-02-23 10:00:00,318.8,60.5,39.77,320.6
BELRISE-EQ,2026-02-23 10:00:00,187.76,68.82,30.05,187.18
BHARATFORG-EQ,2026-02-23 10:00:00,1803.2,69.27,24.25,1802.55
GICRE-EQ,2026-02-23 10:15:00,386.2,64.12,25.03,386.26
LTFOODS-EQ,2026-02-23 10:15:00,428.15,63.71,33.1,430.65
PCBL-EQ,2026-02-23 10:15:00,317.4,64.22,25.42,319.8
BLS-EQ,2026-02-23 11:00:00,289.55,70.63,48.34,287.03
J&KBANK-EQ,2026-02-24 10:45:00,111.29,67.57,40.69,111.1
KALYANKJIL-EQ,2026-02-25 09:30:00,406.5,63.26,23.43,406.39
KAYNES-EQ,2026-02-25 09:45:00,3869.2,66.11,28.72,3859.19
IEX-EQ,2026-02-25 10:00:00,126.38,63.02,24.74,126.25
PWL-EQ,2026-02-25 10:15:00,94.4,60.54,31.05,94.46
BATAINDIA-EQ,2026-02-26 10:00:00,806.4,69.83,30.19,805.08
INOXWIND-EQ,2026-02-26 10:00:00,96.62,65.44,23.86,96.45
IEX-EQ,2026-02-26 10:00:00,129.07,66.29,44.87,129.06
NCC-EQ,2026-02-26 10:00:00,152.5,63.71,36.87,153.13
BANKBARODA-EQ,2026-02-26 10:00:00,319.85,67.99,27.79,320.02
COHANCE-EQ,2026-02-26 10:15:00,314.05,60.57,28.71,315.39
WELCORP-EQ,2026-02-26 10:15:00,820.2,74.52,51.16,820.34
INDUSINDBK-EQ,2026-02-26 10:15:00,949.95,62.89,30.0,954.15
GLENMARK-EQ,2026-02-26 10:30:00,2113.8,63.49,41.0,2119.96
INFY-EQ,2026-03-04 10:00:00,1307.5,64.43,31.97,1305.88
TATAINVEST-EQ,2026-03-05 10:00:00,647.7,60.39,38.17,651.52
MOTHERSON-EQ,2026-03-05 10:15:00,125.95,60.07,33.04,126.09
EIHOTEL-EQ,2026-03-05 14:00:00,334.8,68.6,58.32,338.62
JUBLINGREA-EQ,2026-03-06 09:45:00,568.45,62.95,22.35,567.48
PFC-EQ,2026-03-06 10:00:00,420.8,69.33,34.03,420.21
JSWENERGY-EQ,2026-03-06 10:15:00,490.7,67.41,22.8,491.34
ADANIPOWER-EQ,2026-03-06 10:15:00,141.4,65.24,29.54,141.65
BHEL-EQ,2026-03-06 10:15:00,262.1,67.65,34.17,262.46
NTPCGREEN-EQ,2026-03-10 09:45:00,86.56,61.39,33.96,86.55
DLF-EQ,2026-03-10 09:45:00,578.2,61.6,22.65,577.05
BHEL-EQ,2026-03-10 09:45:00,257.1,61.11,33.47,256.78
SUPREMEIND-EQ,2026-03-10 10:00:00,3886.4,60.88,43.76,3885.09
GLENMARK-EQ,2026-03-10 10:00:00,2162.7,72.47,30.95,2159.3
ASHOKLEY-EQ,2026-03-10 10:00:00,191.61,60.6,38.91,190.99
NATCOPHARM-EQ,2026-03-10 10:00:00,1036.9,67.02,24.98,1034.27
INDHOTEL-EQ,2026-03-10 10:00:00,615.85,60.16,32.69,616.59
SIEMENS-EQ,2026-03-10 10:00:00,3303.7,66.03,24.97,3292.44
APLAPOLLO-EQ,2026-03-10 10:00:00,2134.4,60.53,38.25,2140.19
ESCORTS-EQ,2026-03-10 10:00:00,3289.4,62.41,45.94,3288.78
MANAPPURAM-EQ,2026-03-10 10:15:00,262.6,66.17,29.86,261.96
ASAHIINDIA-EQ,2026-03-10 10:15:00,842.9,66.51,34.63,848.85
TEGA-EQ,2026-03-10 10:30:00,1748.9,63.5,37.42,1757.01
KAYNES-EQ,2026-03-11 09:30:00,3813.4,61.03,34.98,3833.47
WIPRO-EQ,2026-03-11 09:45:00,202.72,71.11,37.84,202.43
LTM-EQ,2026-03-11 09:45:00,4330.0,61.98,23.9,4330.81
TECHM-EQ,2026-03-11 09:45:00,1343.0,65.07,31.81,1343.91
SAMMAANCAP-EQ,2026-03-11 10:00:00,147.49,72.03,40.35,147.23
GPIL-EQ,2026-03-11 10:00:00,257.1,65.41,35.96,256.97
MOTHERSON-EQ,2026-03-11 10:00:00,124.08,62.71,49.87,125.06
ASTRAL-EQ,2026-03-11 10:00:00,1691.8,71.32,45.21,1689.02
HINDCOPPER-EQ,2026-03-11 10:00:00,554.75,60.71,31.3,555.42
PPLPHARMA-EQ,2026-03-11 10:00:00,157.17,70.36,45.18,157.41
SONACOMS-EQ,2026-03-11 10:00:00,528.1,66.7,26.33,529.55
JSWENERGY-EQ,2026-03-11 10:00:00,494.9,64.34,26.13,495.61
HINDZINC-EQ,2026-03-11 10:00:00,597.15,67.81,35.96,597.03
LODHA-EQ,2026-03-11 10:00:00,912.35,65.11,28.82,911.23
KALYANKJIL-EQ,2026-03-11 10:00:00,399.0,65.01,26.89,399.51
ADANIGREEN-EQ,2026-03-11 10:00:00,867.45,62.57,32.52,869.8
VEDL-EQ,2026-03-11 10:15:00,735.05,70.13,35.97,736.99
VOLTAS-EQ,2026-03-11 10:15:00,1482.6,61.82,22.04,1492.92
ENGINERSIN-EQ,2026-03-11 10:15:00,204.1,71.7,47.5,204.54
TATAPOWER-EQ,2026-03-11 10:15:00,387.8,66.11,50.19,389.32
GRAPHITE-EQ,2026-03-11 10:15:00,653.75,66.55,34.64,655.03
JINDALSAW-EQ,2026-03-12 10:00:00,203.9,79.28,72.33,203.79
NIVABUPA-EQ,2026-03-13 12:45:00,73.85,63.65,31.29,74.64
TIMKEN-EQ,2026-03-16 10:15:00,3540.2,63.1,23.08,3542.49
PVRINOX-EQ,2026-03-17 10:00:00,989.4,66.68,39.53,988.55
VTL-EQ,2026-03-17 10:15:00,551.9,70.66,40.46,551.67
JYOTICNC-EQ,2026-03-17 10:30:00,749.95,68.92,42.58,751.71
RVNL-EQ,2026-03-18 10:00:00,272.2,68.12,27.12,271.83
INDIACEM-EQ,2026-03-18 10:00:00,368.6,67.13,25.19,368.55
IRFC-EQ,2026-03-18 10:00:00,97.55,63.05,27.99,97.72
BHARATFORG-EQ,2026-03-18 10:00:00,1789.3,74.54,44.8,1783.7
MUTHOOTFIN-EQ,2026-03-18 10:00:00,3442.0,63.84,37.66,3455.85
EXIDEIND-EQ,2026-03-18 10:00:00,305.7,67.71,28.11,305.38
KAYNES-EQ,2026-03-18 10:00:00,3687.3,67.65,30.62,3685.07
ADANIGREEN-EQ,2026-03-18 10:00:00,880.15,73.42,36.72,880.71
EIDPARRY-EQ,2026-03-18 10:00:00,824.9,67.23,31.86,825.11
JWL-EQ,2026-03-18 10:15:00,278.5,74.56,39.33,278.09
NAVA-EQ,2026-03-18 10:15:00,561.5,69.04,28.48,561.31
KAJARIACER-EQ,2026-03-18 10:15:00,949.35,68.67,37.24,959.76
KEC-EQ,2026-03-18 10:15:00,548.75,67.0,23.19,548.92
NEWGEN-EQ,2026-03-18 10:15:00,461.7,69.01,26.93,462.43
360ONE-EQ,2026-03-18 10:15:00,1061.9,73.06,47.62,1064.91
BAJAJHFL-EQ,2026-03-18 10:15:00,82.8,62.77,24.93,83.22
BEML-EQ,2026-03-18 10:15:00,1556.3,69.95,26.34,1555.68
ATGL-EQ,2026-03-19 10:00:00,561.5,75.06,23.64,556.27
MRPL-EQ,2026-03-20 10:00:00,194.25,62.31,36.54,194.01
PINELABS-EQ,2026-03-20 10:00:00,169.99,60.5,26.28,171.04
FINCABLES-EQ,2026-03-20 10:00:00,874.3,64.33,32.41,872.04
SBIN-EQ,2026-03-20 10:15:00,1077.0,64.64,33.32,1077.2
FIRSTCRY-EQ,2026-03-20 10:30:00,229.7,74.7,46.85,229.47
GESHIP-EQ,2026-03-24 10:00:00,1400.8,60.88,31.71,1400.31
TIINDIA-EQ,2026-03-24 10:00:00,2580.0,67.03,26.26,2569.41
POLICYBZR-EQ,2026-03-25 10:00:00,1488.0,61.36,25.94,1493.28
PGEL-EQ,2026-03-25 10:15:00,529.85,77.65,37.46,528.4
EMCURE-EQ,2026-03-25 10:15:00,1571.6,73.23,47.7,1569.55
BRIGADE-EQ,2026-03-25 10:15:00,665.0,71.56,47.15,667.37
ABREL-EQ,2026-03-25 10:30:00,1191.6,70.93,39.9,1198.1
GABRIEL-EQ,2026-03-25 10:30:00,897.75,70.35,39.02,902.27
BRIGADE-EQ,2026-03-27 10:15:00,719.0,70.51,46.89,726.75
CHENNPETRO-EQ,2026-03-30 10:00:00,987.0,60.77,31.47,985.4
THELEELA-EQ,2026-04-01 09:45:00,413.2,62.53,45.64,412.33
ASTERDM-EQ,2026-04-01 09:45:00,675.2,71.33,32.35,673.28
LT-EQ,2026-04-01 10:15:00,3611.1,67.01,37.26,3618.29
COCHINSHIP-EQ,2026-04-01 10:15:00,1345.2,73.35,52.09,1327.4
BDL-EQ,2026-04-01 10:30:00,1179.8,65.89,44.81,1188.01
GICRE-EQ,2026-04-06 10:00:00,385.0,65.43,32.02,385.05
NMDC-EQ,2026-04-06 10:00:00,79.58,67.93,30.57,79.64
HINDZINC-EQ,2026-04-06 10:00:00,521.75,62.81,24.57,523.26
BANKBARODA-EQ,2026-04-06 10:00:00,256.6,70.33,33.46,255.33
SPLPETRO-EQ,2026-04-06 10:00:00,776.9,69.56,30.25,771.9
FIVESTAR-EQ,2026-04-07 11:00:00,365.75,62.4,34.12,369.35
RAINBOW-EQ,2026-04-07 14:30:00,1273.8,72.86,46.03,1274.96
EMMVEE-EQ,2026-04-08 09:45:00,233.64,69.85,38.53,233.47
LLOYDSME-EQ,2026-04-08 10:00:00,1473.1,66.02,49.47,1470.32
BLS-EQ,2026-04-08 10:00:00,295.3,76.51,27.6,292.28
SAIL-EQ,2026-04-08 10:00:00,162.61,68.22,22.22,162.2
TATASTEEL-EQ,2026-04-08 10:00:00,203.39,73.7,32.27,202.4
SUPREMEIND-EQ,2026-04-08 10:00:00,3866.7,70.63,36.2,3858.0
PFC-EQ,2026-04-08 10:00:00,416.3,67.79,27.68,415.01
BSOFT-EQ,2026-04-08 10:00:00,375.15,63.28,29.32,375.88
CUMMINSIND-EQ,2026-04-08 10:00:00,4741.5,65.38,24.65,4738.69
NMDC-EQ,2026-04-08 10:00:00,82.67,67.0,32.45,82.56
TATAPOWER-EQ,2026-04-08 10:00:00,392.85,69.28,33.63,392.06
INDIGO-EQ,2026-04-08 10:15:00,4641.7,79.95,37.36,4616.96
REDINGTON-EQ,2026-04-08 10:15:00,217.0,78.52,29.28,215.87
AWL-EQ,2026-04-08 10:15:00,181.52,65.16,26.62,181.44
LEMONTREE-EQ,2026-04-08 10:15:00,113.54,71.73,26.29,113.18
PCBL-EQ,2026-04-08 10:15:00,273.42,70.33,42.36,272.7
KFINTECH-EQ,2026-04-08 10:15:00,939.0,72.76,30.32,936.44
ADANIPORTS-EQ,2026-04-08 10:15:00,1457.4,72.9,34.04,1462.76
ENGINERSIN-EQ,2026-04-08 10:15:00,205.46,67.43,23.31,205.36
NH-EQ,2026-04-08 10:15:00,1725.6,72.72,54.77,1723.78
LT-EQ,2026-04-08 10:15:00,3971.8,83.94,45.66,3944.61
ANGELONE-EQ,2026-04-08 10:15:00,255.44,78.27,23.78,254.45
PPLPHARMA-EQ,2026-04-08 10:15:00,144.33,66.44,30.03,144.43
ZEEL-EQ,2026-04-08 10:15:00,75.94,68.96,33.71,75.89
IIFL-EQ,2026-04-08 10:15:00,441.9,64.43,24.75,443.13
MAZDOCK-EQ,2026-04-08 10:15:00,2383.3,68.98,31.75,2381.62
NCC-EQ,2026-04-08 10:15:00,144.78,72.51,28.5,144.35
PFIZER-EQ,2026-04-08 10:15:00,4841.8,67.49,26.76,4834.78
BBTC-EQ,2026-04-08 10:15:00,1463.4,74.33,37.08,1459.53
BAYERCROP-EQ,2026-04-08 10:15:00,4729.9,60.62,31.08,4752.33
DEVYANI-EQ,2026-04-08 10:15:00,105.41,74.56,27.33,104.67
TATAINVEST-EQ,2026-04-08 10:15:00,615.3,76.57,40.63,612.28
ETERNAL-EQ,2026-04-08 10:15:00,243.72,74.36,26.19,243.25
JKTYRE-EQ,2026-04-08 10:30:00,424.9,79.2,40.62,425.22
NUVOCO-EQ,2026-04-08 10:30:00,303.95,66.72,29.01,306.7
CLEAN-EQ,2026-04-08 10:30:00,714.0,71.91,25.0,714.59
ATGL-EQ,2026-04-08 11:15:00,566.15,71.36,46.89,563.2
OLECTRA-EQ,2026-04-09 10:00:00,1115.05,65.23,61.93,1119.65
HONASA-EQ,2026-04-09 10:00:00,324.35,67.64,44.36,324.97
ABDL-EQ,2026-04-09 10:00:00,463.15,69.12,64.35,466.1
JBMA-EQ,2026-04-09 10:00:00,608.0,68.43,52.4,610.47
KAJARIACER-EQ,2026-04-09 10:00:00,1091.0,75.73,42.54,1087.56
AFCONS-EQ,2026-04-09 10:00:00,305.5,66.94,53.65,306.98
FACT-EQ,2026-04-09 10:00:00,857.65,66.26,58.66,858.77
BHEL-EQ,2026-04-09 10:00:00,270.4,65.68,53.9,271.53
MEESHO-EQ,2026-04-09 10:30:00,165.15,69.91,32.88,165.69
ADANIPOWER-EQ,2026-04-10 09:45:00,173.34,69.34,59.18,173.04
MAZDOCK-EQ,2026-04-10 10:00:00,2481.4,65.96,34.8,2485.22
DALBHARAT-EQ,2026-04-10 10:00:00,1930.0,60.49,22.11,1929.47
MUTHOOTFIN-EQ,2026-04-10 10:00:00,3541.0,63.62,25.7,3543.74
RVNL-EQ,2026-04-10 10:00:00,278.67,67.89,24.07,278.09
AEGISLOG-EQ,2026-04-10 10:15:00,639.3,75.21,35.03,637.65
TVSMOTOR-EQ,2026-04-10 10:15:00,3774.8,64.4,37.76,3781.98
TATACHEM-EQ,2026-04-13 10:15:00,738.5,74.65,41.39,735.06
NIACL-EQ,2026-04-15 09:30:00,166.03,72.24,47.51,166.3
SAREGAMA-EQ,2026-04-15 10:00:00,338.55,63.47,34.74,337.85
GMDCLTD-EQ,2026-04-15 10:00:00,631.3,66.43,38.24,632.91
SHRIRAMFIN-EQ,2026-04-15 10:00:00,1028.55,63.77,22.84,1028.5
NATIONALUM-EQ,2026-04-15 10:00:00,422.4,62.6,30.05,423.33
TATASTEEL-EQ,2026-04-15 10:00:00,209.38,68.14,25.02,209.14
MCX-EQ,2026-04-15 10:00:00,2815.7,76.04,46.62,2811.32
LLOYDSME-EQ,2026-04-15 10:00:00,1529.8,64.27,30.32,1528.12
DOMS-EQ,2026-04-15 10:00:00,2415.8,62.23,31.15,2414.44
HINDALCO-EQ,2026-04-15 10:00:00,1005.55,69.14,26.14,1002.86
ESCORTS-EQ,2026-04-15 10:00:00,3187.3,61.11,26.76,3185.53
ICICIPRULI-EQ,2026-04-15 10:15:00,565.1,74.57,31.07,564.54
GICRE-EQ,2026-04-15 10:15:00,399.3,67.98,32.5,399.18
JWL-EQ,2026-04-15 10:15:00,275.16,74.48,45.32,274.72
PVRINOX-EQ,2026-04-15 10:15:00,952.9,60.66,29.85,955.02
CONCOR-EQ,2026-04-15 10:15:00,488.35,64.54,22.0,489.18
PATANJALI-EQ,2026-04-15 10:15:00,465.55,62.73,23.57,465.64
LTFOODS-EQ,2026-04-15 10:15:00,414.95,60.86,24.11,416.49
AEGISLOG-EQ,2026-04-15 10:15:00,667.0,80.18,30.48,661.88
ELECON-EQ,2026-04-15 10:15:00,425.5,63.74,22.84,425.55
GODREJIND-EQ,2026-04-15 10:15:00,916.0,66.73,24.44,915.66
IRCON-EQ,2026-04-15 10:15:00,140.09,72.49,23.33,139.75
TARIL-EQ,2026-04-16 09:45:00,310.25,64.67,54.62,311.22
RVNL-EQ,2026-04-16 09:45:00,289.55,66.0,58.02,289.71
INDHOTEL-EQ,2026-04-16 09:45:00,652.2,62.81,24.18,651.34
NBCC-EQ,2026-04-16 09:45:00,91.84,63.78,40.15,91.82
RITES-EQ,2026-04-16 09:45:00,213.8,61.76,39.31,214.21
IREDA-EQ,2026-04-16 09:45:00,127.59,62.72,46.14,127.53
LICI-EQ,2026-04-16 09:45:00,847.6,68.47,45.64,847.74
IGIL-EQ,2026-04-16 09:45:00,357.7,70.22,46.69,356.18
JSWENERGY-EQ,2026-04-16 09:45:00,531.05,64.54,38.8,531.37
CAMS-EQ,2026-04-16 09:45:00,731.1,63.15,43.18,732.17
ECLERX-EQ,2026-04-16 10:00:00,1556.1,64.5,23.69,1563.53
SYNGENE-EQ,2026-04-16 10:00:00,420.25,68.96,44.54,420.78
ENRIN-EQ,2026-04-16 10:00:00,2961.4,69.19,46.35,2960.96
BANKINDIA-EQ,2026-04-16 10:00:00,149.45,60.51,33.18,149.76
TATATECH-EQ,2026-04-16 10:00:00,582.95,66.09,38.61,583.33
RADICO-EQ,2026-04-16 10:00:00,2935.5,63.07,43.26,2953.4
NATIONALUM-EQ,2026-04-16 10:00:00,431.6,65.11,33.47,432.27
FINCABLES-EQ,2026-04-16 10:00:00,906.2,72.83,53.6,906.64
KFINTECH-EQ,2026-04-16 10:00:00,949.25,69.64,49.12,951.08
THERMAX-EQ,2026-04-16 10:00:00,4115.4,64.37,55.2,4137.14
INTELLECT-EQ,2026-04-16 10:00:00,709.0,71.83,44.73,708.69
COFORGE-EQ,2026-04-16 10:00:00,1312.1,75.32,67.05,1310.11
GRAVITA-EQ,2026-04-16 10:00:00,1636.2,66.17,41.33,1640.36
BLS-EQ,2026-04-16 10:00:00,297.52,68.64,44.56,297.1
SBICARD-EQ,2026-04-16 10:00:00,691.9,65.11,32.2,691.58
TCS-EQ,2026-04-16 10:00:00,2577.6,71.59,46.36,2574.8
HEXT-EQ,2026-04-16 10:00:00,492.75,65.6,39.62,493.15
BSOFT-EQ,2026-04-16 10:00:00,385.75,63.67,46.12,388.28
HINDZINC-EQ,2026-04-16 10:15:00,595.9,69.01,38.72,596.33
GICRE-EQ,2026-04-16 10:45:00,410.8,66.44,34.88,410.82
SWANCORP-EQ,2026-04-16 11:45:00,359.45,63.47,52.3,362.19
CEATLTD-EQ,2026-04-17 10:00:00,3740.1,73.06,34.28,3732.66
ENGINERSIN-EQ,2026-04-17 10:00:00,238.29,72.89,47.57,237.23
BSOFT-EQ,2026-04-17 10:00:00,391.65,65.62,31.02,391.91
AEGISLOG-EQ,2026-04-17 10:15:00,711.25,74.29,34.07,708.35
FIRSTCRY-EQ,2026-04-17 10:30:00,254.6,63.51,27.28,255.2
IRFC-EQ,2026-04-17 10:45:00,105.02,61.37,41.64,105.47
COHANCE-EQ,2026-04-17 13:30:00,389.5,67.41,52.27,396.19
GRAPHITE-EQ,2026-04-20 11:45:00,730.6,68.4,38.04,735.75
CPPLUS-EQ,2026-04-21 10:00:00,2311.9,65.85,32.21,2321.92
BSOFT-EQ,2026-04-21 10:00:00,393.5,68.34,39.39,392.67
PRESTIGE-EQ,2026-04-21 10:00:00,1394.6,65.5,25.69,1395.22
PNBHOUSING-EQ,2026-04-21 10:15:00,980.7,73.15,43.24,981.05
ZENTEC-EQ,2026-04-21 10:15:00,1762.0,73.53,54.95,1750.01
CCL-EQ,2026-04-21 10:15:00,1113.1,63.9,23.53,1117.57
SOBHA-EQ,2026-04-21 10:30:00,1362.0,66.29,35.42,1363.87
RKFORGE-EQ,2026-04-21 10:45:00,555.7,68.8,27.44,554.56
TATAINVEST-EQ,2026-04-21 12:00:00,727.75,69.2,34.56,726.51
MANAPPURAM-EQ,2026-04-22 10:00:00,285.5,74.0,54.07,285.27
TATAINVEST-EQ,2026-04-22 10:00:00,742.6,69.51,46.82,742.0
RHIM-EQ,2026-04-22 10:45:00,417.2,62.83,24.59,418.17
EIDPARRY-EQ,2026-04-23 10:00:00,893.5,71.52,37.41,891.06
OIL-EQ,2026-04-23 10:00:00,475.15,71.51,33.4,474.96
GVT&D-EQ,2026-04-23 10:30:00,4518.7,75.99,36.18,4559.32
MANKIND-EQ,2026-04-23 10:45:00,2289.1,70.23,47.32,2300.7
NIACL-EQ,2026-04-23 11:00:00,170.15,65.73,29.46,170.35
IKS-EQ,2026-04-24 10:00:00,1497.3,64.12,39.72,1506.49
HSCL-EQ,2026-04-24 10:00:00,573.65,70.27,44.9,571.94
COALINDIA-EQ,2026-04-24 10:00:00,457.75,71.52,50.17,457.34
HUDCO-EQ,2026-04-24 10:15:00,211.78,70.9,41.94,211.75
PNBHOUSING-EQ,2026-04-27 10:00:00,1049.4,72.75,47.26,1046.9
BLUESTARCO-EQ,2026-04-27 10:15:00,1873.5,64.7,25.41,1876.4
NBCC-EQ,2026-04-27 10:15:00,95.26,67.49,28.55,95.62
KEI-EQ,2026-04-27 10:15:00,4942.0,64.9,27.0,4946.1
GRAPHITE-EQ,2026-04-27 10:15:00,740.8,62.28,32.72,742.38
JINDALSTEL-EQ,2026-04-27 10:15:00,1281.5,63.05,30.52,1284.89
HINDCOPPER-EQ,2026-04-27 10:15:00,556.8,63.42,23.9,557.85
VOLTAS-EQ,2026-04-27 10:15:00,1493.9,64.86,30.53,1502.06
PVRINOX-EQ,2026-04-28 10:00:00,1037.0,64.35,29.82,1037.71
MANAPPURAM-EQ,2026-04-28 10:00:00,293.0,60.38,22.83,293.55
HYUNDAI-EQ,2026-04-28 10:00:00,1854.3,63.53,30.98,1856.88
CUB-EQ,2026-04-28 10:00:00,283.91,74.52,60.35,282.1
WHIRLPOOL-EQ,2026-04-28 10:00:00,1013.35,69.6,57.22,1013.69
TATAPOWER-EQ,2026-04-28 10:15:00,456.65,66.3,59.88,458.33
CHENNPETRO-EQ,2026-04-28 10:15:00,1048.8,64.63,25.28,1052.97
SJVN-EQ,2026-04-28 10:15:00,81.07,62.83,47.36,81.25
TENNIND-EQ,2026-04-29 10:00:00,579.2,64.66,25.44,579.78
LEMONTREE-EQ,2026-04-29 10:00:00,119.95,61.98,33.1,119.86
EMCURE-EQ,2026-04-29 10:15:00,1703.1,63.31,27.11,1711.02
SONATSOFTW-EQ,2026-04-29 10:30:00,264.21,64.09,24.33,263.99
SYNGENE-EQ,2026-04-30 10:00:00,461.5,67.78,27.85,462.67
BAJFINANCE-EQ,2026-04-30 10:00:00,954.8,66.24,26.23,955.51
NEWGEN-EQ,2026-04-30 13:15:00,515.55,69.26,32.52,517.23
PNB-EQ,2026-05-04 10:00:00,110.64,60.84,32.4,110.57
CESC-EQ,2026-05-04 10:00:00,191.92,66.89,36.27,191.58
MCX-EQ,2026-05-04 10:00:00,3001.0,60.23,22.12,3008.84
BBTC-EQ,2026-05-04 10:15:00,1528.5,62.49,25.65,1531.1
POONAWALLA-EQ,2026-05-04 10:15:00,429.0,69.34,36.75,428.55
MANAPPURAM-EQ,2026-05-04 10:15:00,302.45,71.56,27.49,302.69
KPRMILL-EQ,2026-05-04 10:15:00,951.8,66.22,26.33,953.99
TECHNOE-EQ,2026-05-04 10:15:00,1315.1,61.36,24.42,1323.88
ZEEL-EQ,2026-05-05 10:00:00,92.0,62.44,26.27,92.05
TATATECH-EQ,2026-05-05 10:15:00,638.05,78.9,38.54,634.54
FSL-EQ,2026-05-06 09:45:00,219.6,60.69,51.85,220.04
IDBI-EQ,2026-05-06 09:45:00,75.19,61.76,27.46,75.07
LTM-EQ,2026-05-06 09:45:00,4344.0,64.34,44.18,4339.61
MARICO-EQ,2026-05-06 10:00:00,821.3,65.13,29.76,826.54
ZENTEC-EQ,2026-05-06 10:00:00,1553.6,67.34,23.95,1547.67
PIDILITIND-EQ,2026-05-06 10:00:00,1379.4,66.75,36.91,1377.29
SRF-EQ,2026-05-06 10:00:00,2606.8,66.89,29.1,2603.83
AEGISVOPAK-EQ,2026-05-06 10:00:00,201.74,68.66,34.4,201.33
DOMS-EQ,2026-05-06 10:00:00,2350.3,60.97,24.02,2350.64
LEMONTREE-EQ,2026-05-06 10:00:00,121.59,65.09,28.11,121.73
INTELLECT-EQ,2026-05-06 10:00:00,772.3,69.69,37.33,770.93
COHANCE-EQ,2026-05-06 10:00:00,486.15,68.78,35.28,482.9
GODFRYPHLP-EQ,2026-05-06 10:15:00,2283.6,69.91,35.38,2284.21
GRSE-EQ,2026-05-06 10:15:00,3014.6,72.67,37.97,3019.13
BEML-EQ,2026-05-06 10:30:00,1888.2,62.02,48.57,1896.71
MFSL-EQ,2026-05-06 10:30:00,1630.5,70.86,26.48,1634.36
ASHOKLEY-EQ,2026-05-07 09:30:00,167.46,75.72,30.92,167.26
SJVN-EQ,2026-05-07 09:30:00,80.0,66.94,22.47,79.87
GRAVITA-EQ,2026-05-07 09:45:00,1805.5,67.25,53.07,1804.45
TATACAP-EQ,2026-05-07 09:45:00,329.05,64.98,30.97,329.26
KFINTECH-EQ,2026-05-07 10:00:00,923.5,72.07,27.53,922.91
ZENTEC-EQ,2026-05-07 10:00:00,1618.0,69.31,50.25,1612.69
AWL-EQ,2026-05-07 10:00:00,210.23,76.38,29.97,209.75
WELSPUNLIV-EQ,2026-05-07 10:00:00,133.67,61.8,43.8,134.6
INDIACEM-EQ,2026-05-07 10:00:00,410.45,73.21,49.66,410.11
J&KBANK-EQ,2026-05-07 10:00:00,142.22,76.45,40.5,141.77
NYKAA-EQ,2026-05-07 10:00:00,275.85,67.2,41.18,276.12
APTUS-EQ,2026-05-07 10:00:00,285.25,78.83,49.6,282.45
RRKABEL-EQ,2026-05-07 10:00:00,1818.4,62.36,34.64,1824.06
GRASIM-EQ,2026-05-07 10:15:00,2939.9,63.4,37.76,2954.5
PPLPHARMA-EQ,2026-05-07 12:00:00,185.78,77.75,68.07,184.96
PIDILITIND-EQ,2026-05-08 09:45:00,1478.4,66.02,50.62,1483.14
RRKABEL-EQ,2026-05-08 09:45:00,1918.2,74.67,64.24,1927.74
TATACONSUM-EQ,2026-05-11 10:15:00,1230.2,70.73,52.18,1234.39
ICICIAMC-EQ,2026-05-14 09:30:00,3262.0,66.55,30.95,3264.76
HINDCOPPER-EQ,2026-05-14 10:00:00,608.65,64.3,29.88,609.49
NATIONALUM-EQ,2026-05-14 10:00:00,415.05,63.69,37.09,416.7
VEDL-EQ,2026-05-14 10:00:00,330.7,73.76,50.74,331.4
NLCINDIA-EQ,2026-05-14 10:00:00,361.15,79.7,42.8,355.92
LICI-EQ,2026-05-14 10:00:00,799.0,62.08,28.77,800.34
JSWSTEEL-EQ,2026-05-14 10:00:00,1292.0,63.41,23.43,1294.59
ENGINERSIN-EQ,2026-05-14 11:15:00,249.55,62.75,29.78,250.97
CPPLUS-EQ,2026-05-15 09:30:00,2538.5,65.14,28.52,2540.99
TMPV-EQ,2026-05-15 10:00:00,354.85,79.4,36.31,352.87
HONASA-EQ,2026-05-15 10:15:00,359.4,70.45,35.1,358.04
SONATSOFTW-EQ,2026-05-15 10:15:00,270.35,64.86,30.31,270.93
GESHIP-EQ,2026-05-15 10:15:00,1605.7,78.57,38.68,1601.6
SWIGGY-EQ,2026-05-19 10:00:00,256.6,62.95,32.79,257.07
HEXT-EQ,2026-05-19 10:00:00,499.8,72.53,23.89,498.03
INTELLECT-EQ,2026-05-19 10:00:00,706.35,64.64,31.89,706.78
SONATSOFTW-EQ,2026-05-19 10:15:00,268.5,73.89,36.36,267.63
FIRSTCRY-EQ,2026-05-19 10:15:00,229.19,62.64,62.68,232.64
KPIL-EQ,2026-05-19 10:30:00,1268.4,65.38,23.65,1267.23
STARHEALTH-EQ,2026-05-19 10:45:00,509.75,68.54,26.49,509.51
BLS-EQ,2026-05-20 10:00:00,280.2,74.88,46.39,278.22
BSE-EQ,2026-05-21 09:45:00,4265.5,67.42,27.09,4256.17
KAJARIACER-EQ,2026-05-21 09:45:00,1063.7,62.16,30.12,1063.11
BHEL-EQ,2026-05-21 09:45:00,409.3,64.39,23.37,410.72
MAHABANK-EQ,2026-05-21 09:45:00,79.62,70.96,27.67,79.48
DATAPATTNS-EQ,2026-05-21 10:00:00,3951.0,70.29,49.28,3946.83
GODFRYPHLP-EQ,2026-05-21 10:00:00,2343.8,64.84,32.37,2346.21
GRAPHITE-EQ,2026-05-21 10:00:00,759.55,65.48,33.45,758.41
IGIL-EQ,2026-05-21 10:15:00,371.45,84.1,67.14,371.8
MAXHEALTH-EQ,2026-05-21 10:15:00,1096.25,73.48,34.34,1098.15
RAILTEL-EQ,2026-05-21 10:15:00,324.2,66.46,28.46,324.9
ADANIPOWER-EQ,2026-05-21 10:30:00,223.91,67.4,29.2,224.55
TRITURBINE-EQ,2026-05-22 10:00:00,722.9,75.0,54.88,719.9
ACMESOLAR-EQ,2026-05-22 10:15:00,291.15,69.14,38.35,291.8
MAHABANK-EQ,2026-05-25 09:45:00,80.95,68.52,28.52,80.78
OBEROIRLTY-EQ,2026-05-25 10:00:00,1686.2,64.37,23.53,1687.01
GABRIEL-EQ,2026-05-25 10:00:00,1128.5,60.55,30.24,1133.43
ICICIBANK-EQ,2026-05-25 10:00:00,1275.1,63.63,35.32,1277.97
CANHLIFE-EQ,2026-05-25 10:00:00,141.27,69.11,40.83,141.01
TMCV-EQ,2026-05-25 10:15:00,395.4,73.91,39.39,395.28
TENNIND-EQ,2026-05-25 10:15:00,617.35,63.91,24.76,624.85
GRAVITA-EQ,2026-05-26 10:00:00,1713.3,68.78,49.39,1713.93
BANDHANBNK-EQ,2026-05-26 10:00:00,200.35,64.84,27.47,200.44
JMFINANCIL-EQ,2026-05-26 10:00:00,135.06,69.34,41.41,134.76
BAJAJHFL-EQ,2026-05-26 10:00:00,84.25,68.48,26.52,84.14
ESCORTS-EQ,2026-05-26 10:00:00,3015.8,71.3,41.12,3014.64
NLCINDIA-EQ,2026-05-26 10:00:00,349.5,60.11,22.68,351.04
TEJASNET-EQ,2026-05-26 11:00:00,495.85,63.94,41.72,498.24
KPITTECH-EQ,2026-05-27 09:30:00,780.35,66.28,39.9,781.25
ADANIGREEN-EQ,2026-05-27 10:00:00,1488.6,71.35,54.13,1486.77
RADICO-EQ,2026-05-27 10:00:00,3607.3,67.52,30.08,3614.76
NTPC-EQ,2026-05-27 10:00:00,395.15,61.44,25.4,396.14
NTPCGREEN-EQ,2026-05-27 10:00:00,104.44,64.58,38.89,104.54
BAYERCROP-EQ,2026-05-27 10:00:00,4598.4,72.98,43.97,4606.32
ENGINERSIN-EQ,2026-05-27 10:15:00,237.0,70.52,32.44,237.59
THERMAX-EQ,2026-05-27 10:30:00,4565.3,64.57,32.07,4613.29
AIAENG-EQ,2026-05-27 10:30:00,4338.4,70.88,39.68,4425.88
ZENTEC-EQ,2026-05-27 10:30:00,1666.0,66.88,32.72,1666.49
GMRAIRPORT-EQ,2026-05-29 10:00:00,102.5,76.74,42.48,102.24
IDFCFIRSTB-EQ,2026-05-29 10:00:00,71.86,73.43,39.53,71.89
ENGINERSIN-EQ,2026-05-29 10:00:00,238.0,67.51,27.63,237.7
ATGL-EQ,2026-05-29 10:00:00,828.0,73.14,71.52,833.02
ELGIEQUIP-EQ,2026-05-29 10:15:00,615.4,70.01,41.88,617.07
ACMESOLAR-EQ,2026-06-01 09:45:00,314.4,67.48,34.62,313.97
NEWGEN-EQ,2026-06-01 10:15:00,451.0,64.88,25.99,450.89
SAREGAMA-EQ,2026-06-01 10:15:00,461.0,75.41,54.49,459.01
CPPLUS-EQ,2026-06-01 10:15:00,3136.8,86.75,65.02,3144.88
SONATSOFTW-EQ,2026-06-02 10:30:00,285.6,71.93,26.06,286.52
TITAGARH-EQ,2026-06-03 10:00:00,842.5,65.39,45.94,844.47
CARTRADE-EQ,2026-06-03 10:15:00,1883.3,70.03,32.91,1896.78
CHENNPETRO-EQ,2026-06-03 10:15:00,1186.8,70.88,38.54,1180.93
MRPL-EQ,2026-06-03 10:30:00,153.67,70.51,29.39,153.69
TITAGARH-EQ,2026-06-04 10:45:00,866.2,63.89,40.35,872.0
IKS-EQ,2026-06-05 10:00:00,1728.0,65.2,22.98,1727.98
CPPLUS-EQ,2026-06-05 10:00:00,3603.7,65.17,39.0,3665.01
GODIGIT-EQ,2026-06-05 10:00:00,319.25,63.51,30.2,322.1
SUNTV-EQ,2026-06-05 10:00:00,520.55,68.32,26.09,518.86
JYOTICNC-EQ,2026-06-05 10:30:00,629.55,74.29,39.21,630.09
CHOLAFIN-EQ,2026-06-05 10:45:00,1512.9,64.49,31.03,1517.35
AUBANK-EQ,2026-06-05 10:45:00,970.7,62.69,24.52,971.79
IGIL-EQ,2026-06-05 11:00:00,369.55,62.14,26.51,371.43
PFIZER-EQ,2026-06-08 10:00:00,4565.0,63.0,28.35,4589.37
CANHLIFE-EQ,2026-06-08 10:15:00,141.8,65.5,38.11,141.2
ZYDUSWELL-EQ,2026-06-08 10:15:00,515.15,67.8,34.22,514.58
ICICIGI-EQ,2026-06-09 10:15:00,1784.7,66.11,22.54,1786.5
JAINREC-EQ,2026-06-09 10:30:00,361.05,62.42,37.79,366.74
COCHINSHIP-EQ,2026-06-10 09:30:00,1438.3,65.19,22.25,1438.81
BATAINDIA-EQ,2026-06-10 10:00:00,674.7,70.25,26.95,674.02
BRIGADE-EQ,2026-06-10 10:00:00,655.3,62.23,26.15,656.02
FACT-EQ,2026-06-10 10:00:00,901.1,66.66,48.23,903.36
AFCONS-EQ,2026-06-10 10:00:00,333.25,64.09,29.17,337.11
RKFORGE-EQ,2026-06-10 10:15:00,560.05,70.11,33.57,559.44
TATACHEM-EQ,2026-06-10 10:15:00,742.7,63.9,32.29,743.68
HEROMOTOCO-EQ,2026-06-10 10:15:00,4934.1,69.28,42.31,4941.61
AEGISVOPAK-EQ,2026-06-11 10:45:00,203.96,64.33,29.99,204.15
CDSL-EQ,2026-06-12 09:45:00,1206.2,61.57,29.82,1204.89
KPITTECH-EQ,2026-06-12 09:45:00,742.1,62.33,23.55,741.79
GMRAIRPORT-EQ,2026-06-12 09:45:00,101.63,60.33,27.07,101.58
AARTIIND-EQ,2026-06-12 10:00:00,433.4,62.08,25.28,432.9
RKFORGE-EQ,2026-06-12 10:00:00,573.9,61.6,32.63,575.71
ABCAPITAL-EQ,2026-06-12 10:00:00,344.25,63.07,56.12,344.14
HYUNDAI-EQ,2026-06-12 10:00:00,1971.0,70.45,35.04,1972.58
ABREL-EQ,2026-06-12 10:00:00,1203.7,63.92,29.74,1202.73
IIFL-EQ,2026-06-12 10:00:00,509.0,64.98,30.46,509.19
PARADEEP-EQ,2026-06-12 10:00:00,124.4,63.74,45.89,124.25
PIDILITIND-EQ,2026-06-12 10:00:00,1523.1,63.17,22.83,1522.23
CHOLAFIN-EQ,2026-06-12 10:00:00,1498.0,70.69,43.75,1493.0
IOC-EQ,2026-06-12 10:15:00,137.66,69.96,40.64,137.69
HDFCBANK-EQ,2026-06-15 09:45:00,786.9,80.08,56.28,784.3
IOC-EQ,2026-06-15 09:45:00,145.33,76.88,53.92,144.6
NCC-EQ,2026-06-15 09:45:00,154.0,71.75,59.82,153.91
JWL-EQ,2026-06-15 09:45:00,280.4,80.35,42.95,279.31
LTTS-EQ,2026-06-15 09:45:00,3412.0,69.69,23.95,3402.13
BANKINDIA-EQ,2026-06-15 09:45:00,147.91,69.4,35.48,148.04
CYIENT-EQ,2026-06-15 09:45:00,882.85,60.9,43.78,888.56
BPCL-EQ,2026-06-15 09:45:00,311.15,75.51,46.16,310.1
TEGA-EQ,2026-06-15 10:00:00,1783.0,65.88,40.89,1788.83
BAJAJHFL-EQ,2026-06-15 10:00:00,86.24,80.15,40.14,85.99
SBICARD-EQ,2026-06-15 10:00:00,601.75,82.08,43.35,601.87
TMPV-EQ,2026-06-15 10:00:00,403.85,81.35,45.78,401.97
CEATLTD-EQ,2026-06-15 10:00:00,3441.1,82.66,54.79,3440.04
HINDZINC-EQ,2026-06-15 10:00:00,572.0,71.85,43.26,571.68
HINDCOPPER-EQ,2026-06-15 10:00:00,525.65,70.21,29.87,524.22
LODHA-EQ,2026-06-15 10:00:00,923.0,75.55,43.53,922.56
HAVELLS-EQ,2026-06-15 10:00:00,1178.0,75.3,32.84,1176.33
MAHABANK-EQ,2026-06-15 10:00:00,89.0,72.85,49.7,89.14
IREDA-EQ,2026-06-15 10:00:00,124.91,86.02,54.9,124.62
PARADEEP-EQ,2026-06-15 10:00:00,128.68,75.87,50.21,128.76
IRFC-EQ,2026-06-15 10:00:00,98.01,85.67,48.3,97.65
IRCON-EQ,2026-06-15 10:00:00,139.5,85.4,52.0,139.11
EIHOTEL-EQ,2026-06-15 10:00:00,303.7,76.47,41.51,303.11
BATAINDIA-EQ,2026-06-15 10:15:00,686.8,78.19,32.56,685.82
ABLBL-EQ,2026-06-15 10:15:00,100.6,75.91,39.03,100.9
CGCL-EQ,2026-06-15 10:15:00,213.63,86.14,41.26,213.9
HDFCLIFE-EQ,2026-06-16 09:30:00,576.85,61.59,45.81,580.55
EMCURE-EQ,2026-06-16 10:00:00,1745.0,62.14,23.2,1741.36
GMRAIRPORT-EQ,2026-06-16 10:00:00,109.05,68.45,58.61,108.98
DEVYANI-EQ,2026-06-16 10:00:00,115.05,65.61,34.66,115.69
KEC-EQ,2026-06-16 10:00:00,520.7,60.76,42.07,522.3
BAJAJHFL-EQ,2026-06-16 10:00:00,87.46,63.18,60.68,87.58
CESC-EQ,2026-06-16 10:30:00,171.85,61.44,31.36,172.36
CHAMBLFERT-EQ,2026-06-16 12:30:00,489.8,68.28,44.69,489.68
AUROPHARMA-EQ,2026-06-17 10:00:00,1419.5,60.84,37.82,1419.82
MAPMYINDIA-EQ,2026-06-17 10:00:00,917.4,69.76,30.57,913.5
NEWGEN-EQ,2026-06-17 10:00:00,494.85,64.6,38.26,496.99
GRAVITA-EQ,2026-06-17 10:00:00,1702.0,75.28,38.12,1695.83
GALLANTT-EQ,2026-06-17 10:15:00,706.5,76.18,48.47,706.27
FIVESTAR-EQ,2026-06-17 10:15:00,481.55,65.96,26.25,483.43
VTL-EQ,2026-06-18 10:00:00,635.8,62.25,28.99,636.0
GODREJIND-EQ,2026-06-18 10:30:00,1088.1,71.81,22.69,1085.56
ERIS-EQ,2026-06-18 10:30:00,1428.8,68.03,39.03,1431.75
UTIAMC-EQ,2026-06-18 11:15:00,961.0,63.5,26.9,961.58
BATAINDIA-EQ,2026-06-18 14:30:00,724.4,75.3,31.88,720.12
VIJAYA-EQ,2026-06-19 10:15:00,1330.0,62.0,31.71,1330.65
SPLPETRO-EQ,2026-06-19 11:00:00,734.5,62.08,35.03,738.51
TATAINVEST-EQ,2026-06-22 09:30:00,689.65,63.59,25.25,688.81
RHIM-EQ,2026-06-22 09:30:00,379.2,67.69,34.57,378.19
VIJAYA-EQ,2026-06-22 09:30:00,1359.1,60.02,41.46,1362.23
RITES-EQ,2026-06-22 10:00:00,215.15,62.95,25.08,215.25
GRSE-EQ,2026-06-22 10:00:00,2878.1,66.45,31.07,2876.95
RRKABEL-EQ,2026-06-23 10:00:00,2390.2,71.35,35.14,2384.63
EMCURE-EQ,2026-06-23 10:15:00,1865.9,71.61,39.6,1871.82
GLENMARK-EQ,2026-06-23 10:15:00,2220.3,67.99,27.56,2220.84
JUBLPHARMA-EQ,2026-06-23 10:15:00,983.0,64.66,29.17,984.86
JYOTICNC-EQ,2026-06-23 10:30:00,753.9,65.27,29.63,757.25
IDBI-EQ,2026-06-24 12:30:00,87.36,61.41,23.1,87.56
AEGISLOG-EQ,2026-06-25 10:00:00,1078.9,70.48,29.22,1077.07
HUDCO-EQ,2026-06-25 10:00:00,210.65,64.81,35.47,210.55
CEATLTD-EQ,2026-06-25 10:00:00,3496.4,62.83,43.04,3497.69
GABRIEL-EQ,2026-06-25 10:00:00,1247.0,63.22,27.59,1252.36
GODFRYPHLP-EQ,2026-06-25 10:30:00,2282.0,63.58,24.12,2286.46
JSWCEMENT-EQ,2026-06-25 10:30:00,135.03,63.65,37.52,135.53
M&MFIN-EQ,2026-06-29 09:30:00,323.75,62.2,78.22,327.41
HDBFS-EQ,2026-06-30 09:30:00,748.25,67.17,28.97,747.1
JUBLINGREA-EQ,2026-07-01 10:00:00,624.3,61.06,33.63,626.95
FIRSTCRY-EQ,2026-07-01 10:15:00,231.14,70.84,28.18,231.83
JKTYRE-EQ,2026-07-02 10:15:00,408.25,71.57,44.18,408.49
JUBLFOOD-EQ,2026-07-02 10:15:00,428.4,68.18,30.41,428.48
MAPMYINDIA-EQ,2026-07-02 10:45:00,893.15,64.95,51.89,901.53
ANANTRAJ-EQ,2026-07-03 09:30:00,535.6,69.76,26.44,535.66
ABSLAMC-EQ,2026-07-03 09:30:00,1188.4,64.06,25.91,1189.41
BAJAJHFL-EQ,2026-07-03 10:00:00,91.72,70.87,42.04,91.67
HINDZINC-EQ,2026-07-03 10:00:00,541.3,71.16,27.4,540.26
WELSPUNLIV-EQ,2026-07-03 10:00:00,167.68,66.8,35.28,167.77
GRASIM-EQ,2026-07-03 10:00:00,3197.6,71.06,46.51,3195.95
HINDCOPPER-EQ,2026-07-03 10:00:00,505.45,76.45,31.96,504.28
HINDALCO-EQ,2026-07-03 10:00:00,972.6,69.7,25.34,969.76
INDUSINDBK-EQ,2026-07-03 10:15:00,950.5,63.16,25.13,951.65
MANAPPURAM-EQ,2026-07-03 10:15:00,331.4,69.32,35.42,332.32
IPCALAB-EQ,2026-07-03 10:30:00,1754.5,67.83,36.77,1755.81
NUVAMA-EQ,2026-07-03 10:30:00,1841.4,64.74,32.22,1852.86
NUVAMA-EQ,2026-07-03 12:45:00,1901.9,69.02,41.01,1914.22
GRAPHITE-EQ,2026-07-06 10:00:00,635.55,61.6,44.93,637.4
SPLPETRO-EQ,2026-07-06 10:00:00,731.8,61.4,32.49,736.74
ZENTEC-EQ,2026-07-06 10:15:00,1832.8,66.98,25.66,1831.79
NCC-EQ,2026-07-07 10:00:00,151.39,62.0,33.69,151.76
GRANULES-EQ,2026-07-07 10:00:00,870.6,67.02,40.8,869.33
CCL-EQ,2026-07-07 10:15:00,1212.4,63.41,37.15,1217.19
GLAND-EQ,2026-07-07 10:15:00,2511.1,70.84,28.7,2509.37
CARTRADE-EQ,2026-07-08 10:00:00,2822.0,60.33,30.27,2836.03
PFIZER-EQ,2026-07-08 10:00:00,4575.0,65.93,41.33,4567.02
WELCORP-EQ,2026-07-09 10:00:00,1575.0,61.29,33.02,1582.94
GODREJIND-EQ,2026-07-09 10:45:00,1235.3,60.97,30.01,1240.79
WHIRLPOOL-EQ,2026-07-10 10:00:00,799.05,66.88,25.07,798.2
TATATECH-EQ,2026-07-10 10:00:00,726.55,66.14,26.97,725.79
RHIM-EQ,2026-07-10 10:00:00,414.05,65.22,50.46,414.02
CGCL-EQ,2026-07-10 10:00:00,259.67,70.09,50.13,258.81
NUVAMA-EQ,2026-07-10 10:00:00,1959.9,64.18,40.69,1964.26
KALYANKJIL-EQ,2026-07-10 10:15:00,468.95,77.43,62.14,470.03
CONCORDBIO-EQ,2026-07-10 10:15:00,1323.3,61.65,23.69,1325.2
DOMS-EQ,2026-07-10 10:30:00,2372.5,69.68,32.43,2368.43
NMDC-EQ,2026-07-10 10:30:00,85.43,62.59,23.1,85.62
COHANCE-EQ,2026-07-10 10:30:00,450.8,65.26,38.79,452.86
J&KBANK-EQ,2026-07-13 09:30:00,186.98,67.07,53.28,188.24
AJANTPHARM-EQ,2026-07-13 10:00:00,3376.4,62.36,29.37,3377.2
INTELLECT-EQ,2026-07-13 10:15:00,781.6,67.49,34.54,779.58
GESHIP-EQ,2026-07-14 10:00:00,1426.8,63.83,42.91,1429.36
HINDALCO-EQ,2026-07-14 10:00:00,977.85,63.18,27.12,978.06
NATIONALUM-EQ,2026-07-14 10:00:00,360.25,65.71,24.05,360.39
CIPLA-EQ,2026-07-14 10:15:00,1444.3,62.27,25.77,1445.76
POONAWALLA-EQ,2026-07-15 10:00:00,478.6,64.2,36.9,477.59
DEEPAKFERT-EQ,2026-07-15 10:00:00,1567.6,66.79,41.69,1565.0
INDIANB-EQ,2026-07-15 10:15:00,844.3,64.58,24.29,845.05
J&KBANK-EQ,2026-07-15 10:15:00,182.86,60.8,33.5,183.36
SIEMENS-EQ,2026-07-15 10:15:00,3546.0,67.34,31.74,3552.45
AARTIIND-EQ,2026-07-15 10:30:00,499.05,67.79,24.46,501.99
EMMVEE-EQ,2026-07-16 10:00:00,362.2,74.31,28.27,361.24
KAYNES-EQ,2026-07-16 10:00:00,3392.5,68.1,36.05,3396.68
RRKABEL-EQ,2026-07-16 10:15:00,2342.0,63.52,25.81,2338.7
BPCL-EQ,2026-07-16 10:15:00,315.4,68.96,32.89,315.33
DEEPAKFERT-EQ,2026-07-16 10:30:00,1616.9,71.88,36.09,1620.28
KARURVYSYA-EQ,2026-07-21 10:00:00,322.5,66.6,34.53,322.07
MAHABANK-EQ,2026-07-21 10:00:00,80.82,61.35,37.11,81.02
TECHM-EQ,2026-07-21 10:00:00,1600.5,65.53,24.33,1598.4
KPITTECH-EQ,2026-07-21 10:00:00,570.7,70.23,45.5,569.58
ACE-EQ,2026-07-21 10:15:00,1045.0,69.83,29.53,1052.13
NHPC-EQ,2026-07-21 10:15:00,81.84,65.92,42.36,82.01
PCBL-EQ,2026-07-21 10:30:00,333.15,65.74,25.09,332.48
DCMSHRIRAM-EQ,2026-07-21 11:00:00,1048.1,61.62,26.61,1052.13
NETWEB-EQ,2026-07-22 10:00:00,4328.1,68.17,33.9,4318.78
SPLPETRO-EQ,2026-07-22 11:15:00,741.0,63.36,54.82,747.17
NATIONALUM-EQ,2026-07-23 10:00:00,347.1,65.38,26.39,347.22
NUVAMA-EQ,2026-07-24 10:00:00,2026.0,70.93,47.48,2015.62
SAPPHIRE-EQ,2026-07-27 10:00:00,184.5,61.97,39.83,186.85
AUBANK-EQ,2026-07-27 10:00:00,1036.6,80.41,53.59,1033.03
IDFCFIRSTB-EQ,2026-07-27 10:00:00,85.96,79.03,40.67,85.79
FIVESTAR-EQ,2026-07-27 10:00:00,542.1,68.81,27.17,541.54
MEDANTA-EQ,2026-07-27 10:15:00,1391.4,66.28,28.97,1390.66
LATENTVIEW-EQ,2026-07-27 10:15:00,309.3,78.58,32.04,307.73
ABREL-EQ,2026-07-27 10:30:00,1415.7,64.6,25.71,1421.48
IEX-EQ,2026-07-28 10:00:00,129.39,69.24,43.3,129.27
TATAINVEST-EQ,2026-07-28 10:00:00,654.7,68.44,46.22,654.9
SONATSOFTW-EQ,2026-07-28 10:00:00,302.6,69.5,38.2,301.5
DLF-EQ,2026-07-28 10:15:00,658.35,70.64,29.83,658.6
RAILTEL-EQ,2026-07-29 10:00:00,292.15,64.42,26.22,292.9
IRCON-EQ,2026-07-29 10:00:00,126.69,63.26,35.98,126.65
COFORGE-EQ,2026-07-29 10:15:00,1744.7,78.69,76.16,1746.52
PARADEEP-EQ,2026-07-29 10:15:00,150.14,74.08,53.08,150.63
CEATLTD-EQ,2026-07-29 10:15:00,3434.7,70.06,37.0,3439.46
PCBL-EQ,2026-07-30 09:30:00,348.15,60.44,51.04,361.6
REDINGTON-EQ,2026-07-30 10:00:00,320.1,75.08,59.06,317.99
ONGC-EQ,2026-07-30 10:15:00,242.75,65.39,22.95,243.2
AMBUJACEM-EQ,2026-07-31 09:30:00,435.15,64.26,26.65,434.45
LTF-EQ,2026-08-03 10:00:00,319.9,71.39,40.24,319.17
REDINGTON-EQ,2026-08-03 10:00:00,334.3,64.32,38.43,335.3
URBANCO-EQ,2026-08-03 10:00:00,146.12,74.13,28.6,144.2
IOC-EQ,2026-08-03 10:00:00,142.84,73.42,35.84,142.7
NETWEB-EQ,2026-08-03 10:00:00,4632.3,65.72,43.35,4649.02
ACE-EQ,2026-08-03 10:00:00,1085.7,69.0,51.47,1084.06
NHPC-EQ,2026-08-03 10:15:00,79.95,69.35,36.12,80.14
ATGL-EQ,2026-08-03 10:15:00,669.0,67.22,34.88,670.85
GODFRYPHLP-EQ,2026-08-04 10:00:00,2336.9,70.61,55.29,2328.82
SCI-EQ,2026-08-04 10:15:00,302.5,71.75,64.89,303.01
HINDZINC-EQ,2026-08-05 09:45:00,569.0,74.54,51.11,567.79
AEGISLOG-EQ,2026-08-05 10:00:00,1387.3,60.19,23.17,1390.63
CASTROLIND-EQ,2026-08-05 10:00:00,192.61,76.68,36.42,191.89
PGEL-EQ,2026-08-05 10:15:00,625.65,63.05,22.0,625.28
NIACL-EQ,2026-08-05 10:15:00,185.69,76.7,47.17,185.74
BIKAJI-EQ,2026-08-05 10:30:00,656.25,62.22,24.18,656.2
PNBHOUSING-EQ,2026-08-05 10:30:00,1124.9,64.92,34.29,1138.25
IPCALAB-EQ,2026-08-06 09:30:00,1764.3,70.68,29.07,1759.34
ENDURANCE-EQ,2026-08-06 10:15:00,2927.9,63.7,29.57,2924.31
COCHINSHIP-EQ,2026-08-06 10:30:00,1446.6,62.82,24.99,1448.16
KALYANKJIL-EQ,2026-08-07 10:00:00,618.8,78.6,43.1,618.45
MPHASIS-EQ,2026-08-07 10:30:00,2470.5,62.57,24.8,2480.61
MEDANTA-EQ,2026-08-07 11:00:00,1466.0,63.48,49.42,1472.04
CONCORDBIO-EQ,2026-08-10 10:00:00,1398.6,63.42,33.57,1398.35
ANTHEM-EQ,2026-08-10 10:00:00,855.2,75.6,46.43,853.22
ONESOURCE-EQ,2026-08-10 11:00:00,1614.9,65.92,32.66,1632.23
CPPLUS-EQ,2026-08-11 10:15:00,3841.0,62.25,36.05,3867.73
KPRMILL-EQ,2026-08-11 10:30:00,1129.0,68.29,40.04,1141.53
BATAINDIA-EQ,2026-08-12 09:45:00,726.5,68.32,44.23,723.67
NIACL-EQ,2026-08-12 10:00:00,182.87,60.96,27.71,183.49
HINDALCO-EQ,2026-08-12 10:00:00,1074.35,62.5,29.33,1076.01
FINCABLES-EQ,2026-08-12 10:00:00,1320.25,81.78,47.38,1318.77
BDL-EQ,2026-08-12 10:00:00,1314.0,62.48,40.6,1313.8
KPIL-EQ,2026-08-12 10:15:00,1390.1,73.55,39.12,1393.96
CONCOR-EQ,2026-08-12 10:30:00,519.25,70.11,26.87,520.83
ZEEL-EQ,2026-08-13 09:30:00,97.43,78.15,41.76,96.95
LENSKART-EQ,2026-08-13 09:45:00,600.75,62.51,27.97,602.41
BDL-EQ,2026-08-13 10:00:00,1353.0,69.86,57.28,1351.16
TITAGARH-EQ,2026-08-13 10:00:00,847.0,61.99,25.9,847.2
CYIENT-EQ,2026-08-13 10:30:00,863.2,63.55,38.7,866.11
CHOLAHLDNG-EQ,2026-08-14 14:15:00,1608.6,65.5,47.05,1610.82
IPCALAB-EQ,2026-08-17 10:15:00,1827.1,60.97,38.91,1858.74
COHANCE-EQ,2026-08-17 11:00:00,452.0,66.63,24.07,450.66
MRPL-EQ,2026-08-18 10:00:00,182.7,71.18,44.19,182.6
OIL-EQ,2026-08-18 10:00:00,481.55,65.66,23.45,482.06
AEGISLOG-EQ,2026-08-18 10:00:00,1326.0,64.03,34.93,1335.93
CHENNPETRO-EQ,2026-08-18 10:00:00,1420.3,67.94,41.43,1425.81
JYOTICNC-EQ,2026-08-19 09:30:00,919.25,65.74,44.76,922.5
GESHIP-EQ,2026-08-19 10:00:00,1318.9,63.1,26.37,1324.44
CHENNPETRO-EQ,2026-08-19 10:00:00,1450.0,63.16,27.95,1453.87
MGL-EQ,2026-08-19 10:15:00,1152.5,73.63,33.92,1152.06
ATGL-EQ,2026-08-19 10:15:00,662.55,70.19,29.52,662.16
JINDALSAW-EQ,2026-08-19 10:15:00,273.4,66.93,30.97,274.13
RRKABEL-EQ,2026-08-20 09:30:00,2886.5,64.01,37.33,2898.67
HINDZINC-EQ,2026-08-20 09:45:00,568.2,68.63,35.48,566.87
PPLPHARMA-EQ,2026-08-20 10:00:00,211.8,65.48,23.44,211.52
APLAPOLLO-EQ,2026-08-20 10:00:00,2143.3,70.46,29.12,2139.67
TATAELXSI-EQ,2026-08-20 10:00:00,3714.0,65.55,32.24,3713.22
AUBANK-EQ,2026-08-20 10:15:00,1084.8,60.63,24.5,1086.47
TEGA-EQ,2026-08-20 10:15:00,1802.6,72.71,36.7,1805.45
MINDACORP-EQ,2026-08-20 10:15:00,749.4,61.66,36.12,750.55
JINDALSTEL-EQ,2026-08-20 11:15:00,1130.0,61.43,28.31,1132.22
SAPPHIRE-EQ,2026-08-20 12:00:00,238.78,61.12,36.74,240.21
RAILTEL-EQ,2026-08-21 10:00:00,287.1,62.78,24.86,286.86
JBMA-EQ,2026-08-21 10:00:00,669.1,75.92,32.05,664.99
GMDCLTD-EQ,2026-08-21 10:15:00,579.0,68.16,30.48,579.5
JYOTICNC-EQ,2026-08-24 09:30:00,988.45,72.91,34.64,986.58
TARIL-EQ,2026-08-24 10:00:00,305.6,70.27,44.83,305.49
LATENTVIEW-EQ,2026-08-24 10:00:00,286.75,66.78,29.3,285.88
AFCONS-EQ,2026-08-24 10:00:00,284.8,65.66,25.83,284.59
ZYDUSWELL-EQ,2026-08-25 10:15:00,521.7,71.84,45.48,523.35
AIIL-EQ,2026-08-25 10:15:00,563.85,61.38,28.86,566.43
PARADEEP-EQ,2026-08-25 10:15:00,157.68,75.74,27.51,157.57
UNIONBANK-EQ,2026-08-26 10:00:00,189.8,70.15,46.93,189.65
DEVYANI-EQ,2026-08-26 10:00:00,151.7,68.69,36.3,152.0
PNBHOUSING-EQ,2026-08-26 10:00:00,1194.6,72.19,29.38,1192.7
GLAND-EQ,2026-08-26 10:00:00,2840.4,65.11,26.15,2845.72
MAHABANK-EQ,2026-08-26 10:15:00,84.86,76.48,32.14,84.54
CHOLAFIN-EQ,2026-08-26 10:15:00,1910.0,76.8,42.06,1912.03
CANBK-EQ,2026-08-26 10:15:00,129.93,71.07,39.69,130.16
ITC-EQ,2026-08-26 10:15:00,272.45,67.22,36.01,272.79
BANKINDIA-EQ,2026-08-26 10:15:00,146.38,71.91,39.6,146.41
ADANIPOWER-EQ,2026-08-26 10:15:00,210.81,79.81,43.49,210.26
SHYAMMETL-EQ,2026-08-27 09:30:00,1033.9,72.88,50.83,1036.53
CPPLUS-EQ,2026-08-27 09:30:00,3524.1,73.58,34.14,3525.55
TRITURBINE-EQ,2026-08-27 10:00:00,586.6,70.71,28.9,584.74
TRAVELFOOD-EQ,2026-08-27 10:15:00,1359.3,68.46,37.92,1357.51
TARIL-EQ,2026-08-27 10:15:00,307.75,63.76,23.6,307.4
NCC-EQ,2026-08-27 10:30:00,149.86,63.03,27.28,150.25
KPITTECH-EQ,2026-08-28 10:00:00,604.9,70.35,33.13,602.19
MPHASIS-EQ,2026-08-28 10:00:00,2454.5,70.03,29.22,2450.8
NAUKRI-EQ,2026-08-28 10:15:00,1356.3,67.64,24.17,1356.38
TARIL-EQ,2026-08-31 09:45:00,314.0,68.79,22.83,313.02
OIL-EQ,2026-08-31 10:00:00,488.1,65.27,45.23,489.71
HDFCBANK-EQ,2026-08-31 10:00:00,731.05,74.34,36.42,729.31
ECLERX-EQ,2026-08-31 10:15:00,2001.0,63.16,27.28,2007.25
AIIL-EQ,2026-08-31 12:00:00,564.0,60.12,22.59,569.99
COHANCE-EQ,2026-09-01 10:00:00,466.4,70.13,42.94,466.48
VTL-EQ,2026-09-01 10:00:00,620.8,65.7,32.7,617.65
FSL-EQ,2026-09-03 09:30:00,268.9,61.58,26.52,269.6
HUDCO-EQ,2026-09-03 10:00:00,183.22,77.54,33.14,182.49
BRIGADE-EQ,2026-09-04 09:30:00,700.75,65.88,52.48,711.58
LENSKART-EQ,2026-09-04 10:00:00,687.0,67.24,29.81,686.78
GROWW-EQ,2026-09-04 10:00:00,193.38,67.54,22.72,193.51
CREDITACC-EQ,2026-09-04 10:00:00,1447.6,61.46,26.03,1453.3
ANGELONE-EQ,2026-09-04 10:00:00,300.0,77.72,36.29,298.21
BSE-EQ,2026-09-04 10:00:00,3440.5,79.99,63.61,3428.11
NEWGEN-EQ,2026-09-04 10:00:00,526.45,64.16,24.92,526.07
HBLENGINE-EQ,2026-09-04 10:30:00,710.0,78.22,39.0,712.32
MGL-EQ,2026-09-04 10:45:00,1084.9,66.35,38.34,1087.68
SUPREMEIND-EQ,2026-09-08 09:45:00,3556.8,61.75,22.15,3558.41
BALRAMCHIN-EQ,2026-09-08 09:45:00,710.4,65.57,23.2,708.07
SPLPETRO-EQ,2026-09-08 09:45:00,789.6,61.39,58.2,801.52
CARTRADE-EQ,2026-09-08 09:45:00,3139.0,70.57,22.38,3119.43
PPLPHARMA-EQ,2026-09-08 10:15:00,221.7,65.14,36.87,224.19
TATASTEEL-EQ,2026-09-09 11:30:00,187.87,63.39,23.89,187.71
WELSPUNLIV-EQ,2026-09-09 11:30:00,209.96,60.63,37.84,210.76
LALPATHLAB-EQ,2026-09-09 11:30:00,1918.2,60.69,28.23,1919.18
ADANIGREEN-EQ,2026-09-09 11:30:00,1319.2,65.44,24.16,1318.15
VEDL-EQ,2026-09-09 11:45:00,274.25,68.77,28.46,274.1
AEGISVOPAK-EQ,2026-09-09 11:45:00,294.85,65.29,26.15,296.01
AEGISLOG-EQ,2026-09-09 11:45:00,1335.5,75.68,39.36,1332.57
COALINDIA-EQ,2026-09-09 11:45:00,432.8,79.03,37.25,432.0
BANKBARODA-EQ,2026-09-10 10:00:00,237.6,60.56,24.76,237.94
GMDCLTD-EQ,2026-09-10 10:00:00,590.55,67.09,36.86,591.29
ZYDUSWELL-EQ,2026-09-10 10:15:00,565.7,65.55,31.21,565.65
FLUOROCHEM-EQ,2026-09-10 10:15:00,4821.8,77.7,61.54,4834.13
REDINGTON-EQ,2026-09-10 10:30:00,383.95,62.11,32.62,385.55
ATHERENERG-EQ,2026-09-11 11:15:00,1660.0,67.8,52.23,1662.3
BANDHANBNK-EQ,2026-09-11 11:30:00,177.0,71.77,30.07,176.34
PINELABS-EQ,2026-09-11 11:45:00,186.8,79.66,27.2,185.39
